NoOfEvals,UndxMggKTabletP14K5_0,UndxMggKTabletP14K5_1,UndxMggKTabletP14K5_2
0,526774.339419097,584293.2984608009,504350.6372228638
100,494969.65989355923,438063.2531478296,395744.818064161
1100,287285.8322241441,314809.21260713827,263781.3402361941
2100,199852.76208707446,233216.1182829197,177675.4568590738
3100,199852.76208707446,233216.1182829197,132362.11584545605
4100,199852.76208707446,164285.11954286406,132362.11584545605
5100,184361.45683407894,162460.7482305647,132362.11584545605
6100,181210.53127144268,133793.03834085548,94968.06658232881
7100,178679.73985115613,124466.59009418014,94968.06658232881
8100,154814.3036351839,55238.59732061382,94968.06658232881
9100,154814.3036351839,55238.59732061382,94968.06658232881
10100,98901.47260212421,55238.59732061382,94968.06658232881
11100,68515.86797376652,55238.59732061382,94968.06658232881
12100,68515.86797376652,55238.59732061382,94968.06658232881
13100,68515.86797376652,55238.59732061382,94968.06658232881
14100,68515.86797376652,55238.59732061382,94968.06658232881
15100,42240.944711697826,55238.59732061382,94968.06658232881
16100,42240.944711697826,55238.59732061382,94968.06658232881
17100,42240.944711697826,55238.59732061382,94968.06658232881
18100,42240.944711697826,55238.59732061382,79623.2867958706
19100,42240.944711697826,55238.59732061382,72045.24872388768
20100,42240.944711697826,55238.59732061382,72045.24872388768
21100,42240.944711697826,34473.64307272453,60398.2499478848
22100,42240.944711697826,34473.64307272453,51737.82517624735
23100,42240.944711697826,34473.64307272453,47672.62032979014
24100,42240.944711697826,34473.64307272453,38314.67461587341
25100,42240.944711697826,34473.64307272453,38314.67461587341
26100,42240.944711697826,34473.64307272453,38314.67461587341
27100,42240.944711697826,34473.64307272453,38314.67461587341
28100,42240.944711697826,34473.64307272453,38314.67461587341
29100,42240.944711697826,34473.64307272453,38314.67461587341
30100,40218.20707839074,34473.64307272453,36243.469615914655
31100,40218.20707839074,30057.036262049412,34177.103451456765
32100,34153.31186355365,30057.036262049412,34177.103451456765
33100,34153.31186355365,30057.036262049412,34177.103451456765
34100,32644.01940273768,30057.036262049412,32679.691372066525
35100,23697.938871830574,30057.036262049412,32679.691372066525
36100,23697.938871830574,30057.036262049412,32679.691372066525
37100,16779.059490708692,30057.036262049412,32679.691372066525
38100,16779.059490708692,16834.662328525377,28602.777417008463
39100,16779.059490708692,15954.767434109399,27600.952977666704
40100,16779.059490708692,15954.767434109399,27600.952977666704
41100,15848.292381113504,15954.767434109399,25256.40411536356
42100,15848.292381113504,15954.767434109399,22100.961859069514
43100,15848.292381113504,15954.767434109399,22100.961859069514
44100,15848.292381113504,15954.767434109399,22100.961859069514
45100,15848.292381113504,15954.767434109399,22100.961859069514
46100,15848.292381113504,15954.767434109399,14474.53736784196
47100,12210.386168203266,15954.767434109399,14474.53736784196
48100,12210.386168203266,15954.767434109399,14474.53736784196
49100,12210.386168203266,15954.767434109399,13878.873954756178
50100,12210.386168203266,15954.767434109399,13878.873954756178
51100,12210.386168203266,15954.767434109399,13878.873954756178
52100,12210.386168203266,15954.767434109399,13878.873954756178
53100,12210.386168203266,15954.767434109399,13878.873954756178
54100,12210.386168203266,15620.663781408062,13878.873954756178
55100,12210.386168203266,15620.663781408062,13878.873954756178
56100,12210.386168203266,15620.663781408062,13878.873954756178
57100,11347.413116523643,15596.603292778935,8897.224996731351
58100,11347.413116523643,15596.603292778935,8897.224996731351
59100,10196.350712348461,15596.603292778935,7727.2049726275045
60100,10196.350712348461,15596.603292778935,7727.2049726275045
61100,10196.350712348461,9827.381026395933,7727.2049726275045
62100,10196.350712348461,9827.381026395933,7727.2049726275045
63100,10196.350712348461,9827.381026395933,7727.2049726275045
64100,10196.350712348461,9527.582191565396,7727.2049726275045
65100,10196.350712348461,9527.582191565396,7727.2049726275045
66100,4966.207622986224,9527.582191565396,7727.2049726275045
67100,4966.207622986224,7475.583236481035,7727.2049726275045
68100,4966.207622986224,7475.583236481035,7727.2049726275045
69100,4966.207622986224,7475.583236481035,7727.2049726275045
70100,4966.207622986224,7475.583236481035,7727.2049726275045
71100,4966.207622986224,7475.583236481035,7727.2049726275045
72100,4966.207622986224,5477.553407062154,4940.641588356229
73100,4966.207622986224,5477.553407062154,4940.641588356229
74100,2839.610240553352,5477.553407062154,4940.641588356229
75100,2839.610240553352,5477.553407062154,4940.641588356229
76100,2839.610240553352,5477.553407062154,4940.641588356229
77100,2839.610240553352,5477.553407062154,4940.641588356229
78100,2839.610240553352,5477.553407062154,4940.641588356229
79100,2839.610240553352,5477.553407062154,4080.9410718213257
80100,2839.610240553352,5477.553407062154,4080.9410718213257
81100,2839.610240553352,5477.553407062154,4080.9410718213257
82100,2839.610240553352,5477.553407062154,4080.9410718213257
83100,2839.610240553352,5404.2491154297,4080.9410718213257
84100,2839.610240553352,3835.747085995824,4080.9410718213257
85100,2839.610240553352,3835.747085995824,4080.9410718213257
86100,2839.610240553352,2105.8074297223093,4080.9410718213257
87100,2839.610240553352,2105.8074297223093,3280.8818282975303
88100,2839.610240553352,2105.8074297223093,3280.8818282975303
89100,2839.610240553352,2105.8074297223093,3280.8818282975303
90100,2839.610240553352,2105.8074297223093,3280.8818282975303
91100,2529.0717900776654,2105.8074297223093,3280.8818282975303
92100,2529.0717900776654,2105.8074297223093,2947.007710621896
93100,2529.0717900776654,2105.8074297223093,2947.007710621896
94100,2529.0717900776654,2105.8074297223093,2947.007710621896
95100,2529.0717900776654,2105.8074297223093,2947.007710621896
96100,2529.0717900776654,2105.8074297223093,2947.007710621896
97100,2529.0717900776654,2105.8074297223093,2947.007710621896
98100,2529.0717900776654,2105.8074297223093,2947.007710621896
99100,2215.050179504574,2105.8074297223093,2947.007710621896
100100,2215.050179504574,2105.8074297223093,2649.3654560518867
101100,2215.050179504574,2105.8074297223093,2649.3654560518867
102100,2215.050179504574,2105.8074297223093,2649.3654560518867
103100,2215.050179504574,2105.8074297223093,2355.9365110904473
104100,2215.050179504574,2105.8074297223093,2355.9365110904473
105100,2215.050179504574,2105.8074297223093,2355.9365110904473
106100,2109.858672330091,2105.8074297223093,2355.9365110904473
107100,2109.858672330091,2105.8074297223093,2355.9365110904473
108100,1970.2536594635044,2105.8074297223093,2355.9365110904473
109100,1527.8415670314162,2105.8074297223093,2355.9365110904473
110100,1527.8415670314162,1814.4845237810878,2355.9365110904473
111100,1527.8415670314162,1814.4845237810878,2355.9365110904473
112100,738.6018358139246,1814.4845237810878,2355.9365110904473
113100,738.6018358139246,1540.3809153763389,1502.8928885119565
114100,738.6018358139246,1540.3809153763389,1369.42227807431
115100,738.6018358139246,1540.3809153763389,1369.42227807431
116100,738.6018358139246,1540.3809153763389,1369.42227807431
117100,738.6018358139246,1540.3809153763389,1369.42227807431
118100,738.6018358139246,1486.8040127710124,1369.42227807431
119100,738.6018358139246,1486.8040127710124,1369.42227807431
120100,738.6018358139246,1486.8040127710124,1369.42227807431
121100,738.6018358139246,1217.4300406108177,1369.42227807431
122100,738.6018358139246,899.059966454105,1369.42227807431
123100,738.6018358139246,899.059966454105,1369.42227807431
124100,738.6018358139246,899.059966454105,1369.42227807431
125100,738.6018358139246,899.059966454105,1369.42227807431
126100,738.6018358139246,899.059966454105,1369.42227807431
127100,710.6851419146259,899.059966454105,1369.42227807431
128100,710.6851419146259,899.059966454105,1369.42227807431
129100,710.6851419146259,655.6668522178084,1369.42227807431
130100,710.6851419146259,655.6668522178084,1165.5658826159931
131100,710.6851419146259,655.6668522178084,1165.5658826159931
132100,710.6851419146259,655.6668522178084,1165.5658826159931
133100,710.6851419146259,655.6668522178084,1165.5658826159931
134100,710.6851419146259,655.6668522178084,1165.5658826159931
135100,710.6851419146259,655.6668522178084,1165.5658826159931
136100,710.6851419146259,655.6668522178084,792.1955489882544
137100,710.6851419146259,655.6668522178084,792.1955489882544
138100,710.6851419146259,595.4638182682594,792.1955489882544
139100,710.6851419146259,595.4638182682594,682.0087459140539
140100,710.6851419146259,595.4638182682594,682.0087459140539
141100,405.34492879747296,595.4638182682594,682.0087459140539
142100,405.34492879747296,595.4638182682594,510.94593712532895
143100,405.34492879747296,595.4638182682594,510.94593712532895
144100,405.34492879747296,364.28893233607306,510.94593712532895
145100,405.34492879747296,364.28893233607306,510.94593712532895
146100,405.34492879747296,364.28893233607306,510.94593712532895
147100,405.34492879747296,364.28893233607306,510.94593712532895
148100,405.34492879747296,364.28893233607306,510.94593712532895
149100,405.34492879747296,364.28893233607306,492.74206304535966
150100,405.34492879747296,364.28893233607306,492.74206304535966
151100,405.34492879747296,290.04891882403257,492.74206304535966
152100,405.34492879747296,290.04891882403257,492.74206304535966
153100,405.34492879747296,290.04891882403257,492.74206304535966
154100,405.34492879747296,272.9828258268048,492.74206304535966
155100,373.5385788794889,272.9828258268048,333.0717479507491
156100,373.5385788794889,272.9828258268048,333.0717479507491
157100,373.5385788794889,272.9828258268048,229.2930685644218
158100,373.5385788794889,272.9828258268048,229.2930685644218
159100,373.5385788794889,272.9828258268048,229.2930685644218
160100,373.5385788794889,272.9828258268048,229.2930685644218
161100,373.5385788794889,272.9828258268048,229.2930685644218
162100,373.5385788794889,272.9828258268048,229.2930685644218
163100,373.5385788794889,272.9828258268048,229.2930685644218
164100,373.5385788794889,272.9828258268048,217.28420153801483
165100,373.5385788794889,272.9828258268048,217.28420153801483
166100,373.5385788794889,272.9828258268048,217.28420153801483
167100,283.9228037879791,272.9828258268048,217.28420153801483
168100,283.9228037879791,272.9828258268048,217.28420153801483
169100,283.9228037879791,272.9828258268048,217.28420153801483
170100,283.9228037879791,272.9828258268048,217.28420153801483
171100,283.9228037879791,272.9828258268048,217.28420153801483
172100,283.9228037879791,272.9828258268048,217.28420153801483
173100,263.862846044366,272.9828258268048,217.28420153801483
174100,263.862846044366,272.9828258268048,217.28420153801483
175100,263.862846044366,272.9828258268048,217.28420153801483
176100,263.862846044366,248.6631824546852,217.28420153801483
177100,263.862846044366,248.6631824546852,217.28420153801483
178100,263.862846044366,248.6631824546852,217.28420153801483
179100,263.862846044366,137.64507075107772,177.44455107424153
180100,263.862846044366,137.64507075107772,177.44455107424153
181100,263.862846044366,137.64507075107772,177.44455107424153
182100,263.862846044366,119.82784173214507,177.44455107424153
183100,263.862846044366,119.82784173214507,177.44455107424153
184100,256.8693810726549,119.82784173214507,177.44455107424153
185100,256.8693810726549,119.82784173214507,177.44455107424153
186100,256.8693810726549,95.11597863184815,177.44455107424153
187100,256.8693810726549,95.11597863184815,177.44455107424153
188100,256.8693810726549,95.11597863184815,177.44455107424153
189100,233.85208554989634,95.11597863184815,177.44455107424153
190100,233.85208554989634,95.11597863184815,177.44455107424153
191100,233.85208554989634,95.11597863184815,177.44455107424153
192100,221.25528980881808,95.11597863184815,177.44455107424153
193100,162.13936311604874,95.11597863184815,177.44455107424153
194100,162.13936311604874,95.11597863184815,177.44455107424153
195100,156.14072289488826,95.11597863184815,177.44455107424153
196100,156.14072289488826,95.11597863184815,177.44455107424153
197100,137.97299508185012,95.11597863184815,177.44455107424153
198100,137.97299508185012,95.11597863184815,177.44455107424153
199100,137.97299508185012,95.11597863184815,109.80374074198718
200100,137.97299508185012,95.11597863184815,109.80374074198718
201100,137.97299508185012,95.11597863184815,109.80374074198718
202100,110.66156883067785,95.11597863184815,109.80374074198718
203100,105.99658555913902,95.11597863184815,109.80374074198718
204100,105.99658555913902,79.94778161783046,109.80374074198718
205100,105.99658555913902,79.94778161783046,109.80374074198718
206100,105.99658555913902,79.94778161783046,109.80374074198718
207100,105.99658555913902,79.94778161783046,109.80374074198718
208100,105.99658555913902,79.94778161783046,109.80374074198718
209100,105.99658555913902,79.94778161783046,109.80374074198718
210100,105.99658555913902,79.94778161783046,109.80374074198718
211100,105.99658555913902,79.94778161783046,109.80374074198718
212100,77.80216663689023,70.26482465830284,98.35237436150979
213100,77.80216663689023,70.26482465830284,98.35237436150979
214100,77.80216663689023,70.26482465830284,94.06642194628576
215100,77.80216663689023,70.26482465830284,83.46295980798419
216100,77.80216663689023,70.26482465830284,83.46295980798419
217100,77.80216663689023,63.30800329773912,83.46295980798419
218100,77.80216663689023,63.30800329773912,83.46295980798419
219100,77.80216663689023,63.30800329773912,65.01768431776965
220100,59.62566524626654,56.16335742482386,65.01768431776965
221100,59.62566524626654,56.16335742482386,65.01768431776965
222100,59.62566524626654,56.16335742482386,65.01768431776965
223100,59.62566524626654,56.16335742482386,65.01768431776965
224100,59.62566524626654,56.16335742482386,65.01768431776965
225100,59.62566524626654,56.16335742482386,65.01768431776965
226100,59.62566524626654,56.16335742482386,65.01768431776965
227100,59.62566524626654,56.16335742482386,65.01768431776965
228100,59.62566524626654,56.16335742482386,65.01768431776965
229100,49.9305944110454,56.16335742482386,65.01768431776965
230100,38.260757522045544,56.16335742482386,65.01768431776965
231100,38.260757522045544,56.16335742482386,53.40681049308852
232100,38.260757522045544,56.16335742482386,53.40681049308852
233100,38.260757522045544,56.16335742482386,53.40681049308852
234100,38.260757522045544,56.16335742482386,53.40681049308852
235100,38.260757522045544,56.16335742482386,43.75709723663067
236100,38.260757522045544,54.999817697250855,43.75709723663067
237100,38.260757522045544,54.999817697250855,43.75709723663067
238100,38.260757522045544,54.999817697250855,43.75709723663067
239100,38.260757522045544,54.999817697250855,43.75709723663067
240100,38.260757522045544,54.999817697250855,43.75709723663067
241100,38.260757522045544,50.63585197237985,43.75709723663067
242100,31.067370865778866,32.83966952944735,39.550096912853796
243100,31.067370865778866,32.83966952944735,39.550096912853796
244100,31.067370865778866,32.83966952944735,38.579216475807286
245100,31.067370865778866,32.83966952944735,34.36179409957288
246100,31.067370865778866,32.83966952944735,34.36179409957288
247100,31.067370865778866,32.83966952944735,34.36179409957288
248100,31.067370865778866,32.83966952944735,34.36179409957288
249100,31.067370865778866,32.83966952944735,34.36179409957288
250100,31.067370865778866,32.83966952944735,34.36179409957288
251100,31.067370865778866,30.578878562356955,34.36179409957288
252100,31.067370865778866,30.578878562356955,34.36179409957288
253100,31.067370865778866,30.578878562356955,34.36179409957288
254100,31.067370865778866,30.578878562356955,34.36179409957288
255100,31.067370865778866,22.561559534357816,34.36179409957288
256100,31.067370865778866,22.561559534357816,34.36179409957288
257100,31.067370865778866,22.561559534357816,34.36179409957288
258100,31.067370865778866,22.561559534357816,34.36179409957288
259100,31.067370865778866,22.561559534357816,34.36179409957288
260100,26.14633999886248,22.561559534357816,31.75230375414129
261100,22.897319760487466,22.561559534357816,31.75230375414129
262100,22.897319760487466,22.561559534357816,31.75230375414129
263100,22.897319760487466,22.561559534357816,23.83697574598471
264100,22.897319760487466,22.561559534357816,23.83697574598471
265100,16.74338672275913,22.561559534357816,23.83697574598471
266100,16.74338672275913,22.561559534357816,23.83697574598471
267100,16.74338672275913,22.004353760643998,23.83697574598471
268100,16.74338672275913,22.004353760643998,23.83697574598471
269100,16.74338672275913,22.004353760643998,23.83697574598471
270100,15.357692144825668,22.004353760643998,23.83697574598471
271100,15.357692144825668,20.712784914090314,23.83697574598471
272100,15.357692144825668,20.712784914090314,23.83697574598471
273100,15.357692144825668,20.331936294325413,23.665775526973583
274100,15.357692144825668,20.331936294325413,23.665775526973583
275100,15.357692144825668,15.565224015682574,23.665775526973583
276100,15.357692144825668,15.565224015682574,23.665775526973583
277100,15.357692144825668,15.565224015682574,23.665775526973583
278100,15.357692144825668,13.495820380194662,23.665775526973583
279100,15.357692144825668,13.495820380194662,23.665775526973583
280100,15.357692144825668,10.207675035913281,23.665775526973583
281100,15.357692144825668,10.207675035913281,23.665775526973583
282100,15.357692144825668,10.207675035913281,18.225712388069486
283100,15.357692144825668,10.207675035913281,18.225712388069486
284100,15.357692144825668,10.207675035913281,11.154798641236338
285100,15.357692144825668,10.207675035913281,11.154798641236338
286100,15.357692144825668,10.207675035913281,11.154798641236338
287100,15.357692144825668,10.207675035913281,11.154798641236338
288100,15.357692144825668,8.027076223153145,11.154798641236338
289100,14.895543125961336,7.794222892318232,11.154798641236338
290100,11.688251349732033,7.794222892318232,11.154798641236338
291100,11.688251349732033,7.179535327214563,10.453392431717903
292100,11.688251349732033,7.179535327214563,10.453392431717903
293100,11.688251349732033,7.179535327214563,10.453392431717903
294100,11.688251349732033,7.179535327214563,10.453392431717903
295100,11.688251349732033,7.179535327214563,10.076810880323508
296100,11.688251349732033,7.179535327214563,10.076810880323508
297100,8.973878955003618,7.179535327214563,10.076810880323508
298100,8.973878955003618,7.179535327214563,10.076810880323508
299100,8.973878955003618,7.179535327214563,10.076810880323508
300100,8.973878955003618,7.179535327214563,8.361520767052024
301100,8.973878955003618,7.179535327214563,8.361520767052024
302100,7.662956647269166,7.179535327214563,8.361520767052024
303100,7.662956647269166,7.179535327214563,8.361520767052024
304100,7.662956647269166,5.962956499480823,8.361520767052024
305100,7.662956647269166,5.4193298409585555,8.361520767052024
306100,7.662956647269166,5.4193298409585555,8.361520767052024
307100,7.662956647269166,5.4193298409585555,8.361520767052024
308100,7.662956647269166,5.4193298409585555,8.361520767052024
309100,7.662956647269166,5.108554940696493,8.361520767052024
310100,4.123838463845113,5.108554940696493,8.361520767052024
311100,4.123838463845113,5.108554940696493,8.361520767052024
312100,4.123838463845113,5.108554940696493,8.361520767052024
313100,4.123838463845113,5.108554940696493,8.361520767052024
314100,4.123838463845113,5.108554940696493,4.759598650398558
315100,4.123838463845113,5.108554940696493,4.759598650398558
316100,4.123838463845113,5.108554940696493,4.759598650398558
317100,4.123838463845113,5.108554940696493,4.759598650398558
318100,4.123838463845113,5.108554940696493,3.6017862695825986
319100,4.123838463845113,4.332111271728261,3.6017862695825986
320100,4.123838463845113,3.09097387638082,3.6017862695825986
321100,4.123838463845113,3.09097387638082,3.6017862695825986
322100,4.123838463845113,3.09097387638082,3.6017862695825986
323100,4.123838463845113,3.09097387638082,3.6017862695825986
324100,4.123838463845113,3.09097387638082,3.6017862695825986
325100,4.123838463845113,3.09097387638082,3.6017862695825986
326100,4.123838463845113,3.09097387638082,3.6017862695825986
327100,4.123838463845113,3.09097387638082,3.6017862695825986
328100,4.123838463845113,3.09097387638082,3.6017862695825986
329100,4.123838463845113,3.09097387638082,3.6017862695825986
330100,4.123838463845113,3.09097387638082,3.6017862695825986
331100,4.123838463845113,3.09097387638082,3.6017862695825986
332100,4.123838463845113,3.09097387638082,3.6017862695825986
333100,4.123838463845113,2.5212786235064644,3.6017862695825986
334100,4.123838463845113,2.5212786235064644,3.6017862695825986
335100,4.123838463845113,2.5212786235064644,3.6017862695825986
336100,3.427929054774529,2.5212786235064644,3.6017862695825986
337100,3.427929054774529,2.5212786235064644,3.6017862695825986
338100,3.427929054774529,2.5212786235064644,3.6017862695825986
339100,3.427929054774529,2.5212786235064644,3.6017862695825986
340100,3.427929054774529,2.5212786235064644,3.6017862695825986
341100,3.427929054774529,2.0249043580597927,3.6017862695825986
342100,3.427929054774529,2.0249043580597927,3.510008752790625
343100,3.427929054774529,2.0249043580597927,3.510008752790625
344100,2.7839506507206195,2.0249043580597927,3.510008752790625
345100,2.6674796890966515,2.0249043580597927,3.510008752790625
346100,2.6674796890966515,2.0249043580597927,3.510008752790625
347100,2.6674796890966515,2.0249043580597927,3.510008752790625
348100,2.6024962285498394,2.0249043580597927,3.510008752790625
349100,2.6024962285498394,2.0249043580597927,3.510008752790625
350100,2.6024962285498394,2.0249043580597927,3.510008752790625
351100,2.6024962285498394,2.0249043580597927,3.510008752790625
352100,2.6024962285498394,2.0249043580597927,3.510008752790625
353100,2.6024962285498394,2.0249043580597927,3.510008752790625
354100,2.6024962285498394,1.1565245140063916,3.510008752790625
355100,2.6024962285498394,1.1565245140063916,3.510008752790625
356100,2.6024962285498394,1.1565245140063916,3.3326817559253676
357100,2.6024962285498394,1.1565245140063916,3.3326817559253676
358100,2.6024962285498394,1.1565245140063916,3.3326817559253676
359100,1.9269955031301633,1.1565245140063916,3.3326817559253676
360100,1.9269955031301633,1.1565245140063916,2.64373623117914
361100,1.9269955031301633,1.1565245140063916,2.64373623117914
362100,1.9269955031301633,1.1565245140063916,2.64373623117914
363100,1.9269955031301633,1.1565245140063916,2.64373623117914
364100,1.9269955031301633,1.1565245140063916,2.64373623117914
365100,1.9269955031301633,1.1565245140063916,2.64373623117914
366100,1.9269955031301633,1.1565245140063916,2.64373623117914
367100,1.9269955031301633,1.1565245140063916,2.64373623117914
368100,1.9269955031301633,1.1565245140063916,2.64373623117914
369100,1.9269955031301633,1.1565245140063916,2.64373623117914
370100,1.9269955031301633,1.1565245140063916,2.64373623117914
371100,1.9269955031301633,1.1565245140063916,2.64373623117914
372100,1.8895258659479006,1.1565245140063916,2.64373623117914
373100,1.8895258659479006,1.1565245140063916,2.64373623117914
374100,1.8895258659479006,1.1565245140063916,2.64373623117914
375100,1.8895258659479006,1.1565245140063916,2.64373623117914
376100,1.8895258659479006,1.1565245140063916,2.64373623117914
377100,1.8895258659479006,1.0361825694983748,2.64373623117914
378100,1.8895258659479006,1.0361825694983748,2.64373623117914
379100,1.8895258659479006,1.0361825694983748,2.64373623117914
380100,1.8895258659479006,1.0361825694983748,2.64373623117914
381100,1.8895258659479006,1.0361825694983748,2.5290537583671417
382100,1.8895258659479006,1.0361825694983748,2.5290537583671417
383100,1.8895258659479006,0.8550242257710625,2.5290537583671417
384100,1.8895258659479006,0.8550242257710625,2.5290537583671417
385100,1.4312350526590323,0.8550242257710625,2.5290537583671417
386100,1.4312350526590323,0.8550242257710625,1.7491040820706134
387100,1.4312350526590323,0.8550242257710625,1.4281325032255396
388100,1.4312350526590323,0.8550242257710625,1.4281325032255396
389100,1.4312350526590323,0.8550242257710625,1.4281325032255396
390100,1.4312350526590323,0.8550242257710625,1.266148367201815
391100,1.4312350526590323,0.8550242257710625,1.266148367201815
392100,1.4312350526590323,0.8550242257710625,1.266148367201815
393100,1.4312350526590323,0.8550242257710625,1.266148367201815
394100,1.4312350526590323,0.8550242257710625,1.266148367201815
395100,1.4312350526590323,0.8550242257710625,1.266148367201815
396100,1.4312350526590323,0.8550242257710625,1.266148367201815
397100,1.4312350526590323,0.839931258649072,1.266148367201815
398100,1.4312350526590323,0.839931258649072,1.266148367201815
399100,1.4312350526590323,0.839931258649072,1.266148367201815
400100,1.1940863828051294,0.839931258649072,1.266148367201815
401100,1.1940863828051294,0.839931258649072,1.266148367201815
402100,1.1940863828051294,0.839931258649072,1.266148367201815
403100,1.1940863828051294,0.7968136225795223,1.266148367201815
404100,1.1940863828051294,0.7968136225795223,1.266148367201815
405100,1.1940863828051294,0.7968136225795223,1.266148367201815
406100,1.1940863828051294,0.7968136225795223,1.266148367201815
407100,1.1940863828051294,0.7079167082098498,1.266148367201815
408100,1.1940863828051294,0.7079167082098498,1.266148367201815
409100,1.1940863828051294,0.7079167082098498,1.266148367201815
410100,1.0241363076538346,0.7079167082098498,1.266148367201815
411100,1.0241363076538346,0.7079167082098498,1.266148367201815
412100,1.0241363076538346,0.4382093352679316,1.266148367201815
413100,0.8634488940139498,0.4382093352679316,1.266148367201815
414100,0.8634488940139498,0.4382093352679316,1.266148367201815
415100,0.8634488940139498,0.4382093352679316,1.266148367201815
416100,0.8634488940139498,0.4382093352679316,1.266148367201815
417100,0.8634488940139498,0.4382093352679316,1.266148367201815
418100,0.8634488940139498,0.4382093352679316,1.266148367201815
419100,0.8634488940139498,0.43005812583878456,1.266148367201815
420100,0.8634488940139498,0.43005812583878456,1.266148367201815
421100,0.8634488940139498,0.43005812583878456,1.266148367201815
422100,0.8634488940139498,0.43005812583878456,1.266148367201815
423100,0.8634488940139498,0.43005812583878456,1.266148367201815
424100,0.8634488940139498,0.43005812583878456,1.0748132660698229
425100,0.8634488940139498,0.43005812583878456,1.0748132660698229
426100,0.8634488940139498,0.43005812583878456,1.0748132660698229
427100,0.8634488940139498,0.41000115546464255,1.0152361769513563
428100,0.8634488940139498,0.41000115546464255,1.0152361769513563
429100,0.8634488940139498,0.38940409437961876,1.0152361769513563
430100,0.8430657001224555,0.38940409437961876,1.0152361769513563
431100,0.7749666976033023,0.38940409437961876,1.0152361769513563
432100,0.7749666976033023,0.38940409437961876,0.9861029013148449
433100,0.7749666976033023,0.38940409437961876,0.9861029013148449
434100,0.7749666976033023,0.38940409437961876,0.9861029013148449
435100,0.7749666976033023,0.38940409437961876,0.9861029013148449
436100,0.7749666976033023,0.38940409437961876,0.9861029013148449
437100,0.7749666976033023,0.38940409437961876,0.9861029013148449
438100,0.7749666976033023,0.38940409437961876,0.9861029013148449
439100,0.7749666976033023,0.38940409437961876,0.9861029013148449
440100,0.7749666976033023,0.2938179453924368,0.9861029013148449
441100,0.7749666976033023,0.2938179453924368,0.9040767632056693
442100,0.7749666976033023,0.2938179453924368,0.9040767632056693
443100,0.7749666976033023,0.2938179453924368,0.9040767632056693
444100,0.7749666976033023,0.2938179453924368,0.9040767632056693
445100,0.7749666976033023,0.2938179453924368,0.9040767632056693
446100,0.67419374211115,0.2938179453924368,0.9040767632056693
447100,0.67419374211115,0.2938179453924368,0.9040767632056693
448100,0.67419374211115,0.2938179453924368,0.9040767632056693
449100,0.67419374211115,0.2938179453924368,0.9040767632056693
450100,0.67419374211115,0.2938179453924368,0.8329445257977995
451100,0.67419374211115,0.2938179453924368,0.8329445257977995
452100,0.6544114999684905,0.2938179453924368,0.8329445257977995
453100,0.6544114999684905,0.2938179453924368,0.8329445257977995
454100,0.6544114999684905,0.28412490187426337,0.8329445257977995
455100,0.6544114999684905,0.28412490187426337,0.8329445257977995
456100,0.6544114999684905,0.28412490187426337,0.8329445257977995
457100,0.6544114999684905,0.2816386411201782,0.8329445257977995
458100,0.6544114999684905,0.2816386411201782,0.8329445257977995
459100,0.6544114999684905,0.2816386411201782,0.8329445257977995
460100,0.6430349719668879,0.2816386411201782,0.8329445257977995
461100,0.6430349719668879,0.2816386411201782,0.7948045309081847
462100,0.5783650887994002,0.2816386411201782,0.7948045309081847
463100,0.5783650887994002,0.2816386411201782,0.7948045309081847
464100,0.5783650887994002,0.2816386411201782,0.7948045309081847
465100,0.5783650887994002,0.2816386411201782,0.7948045309081847
466100,0.5783650887994002,0.2816386411201782,0.7948045309081847
467100,0.5783650887994002,0.2816386411201782,0.7948045309081847
468100,0.5783650887994002,0.2816386411201782,0.7948045309081847
469100,0.5783650887994002,0.2816386411201782,0.7948045309081847
470100,0.5783650887994002,0.2816386411201782,0.7948045309081847
471100,0.5783650887994002,0.2816386411201782,0.7948045309081847
472100,0.5783650887994002,0.2816386411201782,0.7948045309081847
473100,0.5783650887994002,0.2816386411201782,0.7948045309081847
474100,0.5212746504343285,0.2816386411201782,0.7948045309081847
475100,0.5212746504343285,0.2816386411201782,0.7948045309081847
476100,0.5212746504343285,0.2816386411201782,0.7948045309081847
477100,0.5212746504343285,0.2816386411201782,0.7948045309081847
478100,0.5212746504343285,0.23291010567923526,0.7948045309081847
479100,0.5212746504343285,0.23291010567923526,0.7948045309081847
480100,0.5212746504343285,0.23291010567923526,0.7717981363030578
481100,0.5212746504343285,0.23291010567923526,0.7717981363030578
482100,0.5212746504343285,0.23291010567923526,0.7717981363030578
483100,0.5212746504343285,0.23291010567923526,0.7717981363030578
484100,0.5212746504343285,0.23291010567923526,0.7717981363030578
485100,0.5212746504343285,0.23291010567923526,0.7717981363030578
486100,0.5212746504343285,0.23291010567923526,0.7717981363030578
487100,0.5212746504343285,0.23291010567923526,0.7677367027396768
488100,0.5212746504343285,0.23291010567923526,0.7295578884549132
489100,0.5212746504343285,0.23291010567923526,0.7295578884549132
490100,0.5212746504343285,0.23291010567923526,0.7152003957605031
491100,0.5129004210164316,0.23291010567923526,0.7152003957605031
492100,0.5129004210164316,0.23291010567923526,0.7152003957605031
493100,0.5129004210164316,0.23291010567923526,0.7152003957605031
494100,0.5129004210164316,0.23291010567923526,0.6962406878784229
495100,0.5129004210164316,0.23291010567923526,0.6962406878784229
496100,0.5129004210164316,0.23291010567923526,0.6962406878784229
497100,0.5129004210164316,0.23291010567923526,0.6788602196867829
498100,0.5052497328735567,0.23291010567923526,0.6788602196867829
499100,0.48207199526673755,0.23291010567923526,0.6788602196867829
500100,0.48207199526673755,0.23291010567923526,0.6788602196867829
501100,0.48207199526673755,0.23291010567923526,0.6788602196867829
502100,0.48207199526673755,0.22339290922745564,0.6788602196867829
503100,0.48207199526673755,0.21583814908701812,0.6788602196867829
504100,0.48207199526673755,0.21583814908701812,0.6788602196867829
505100,0.48207199526673755,0.21583814908701812,0.6788602196867829
506100,0.48207199526673755,0.21583814908701812,0.6788602196867829
507100,0.48207199526673755,0.21583814908701812,0.6788602196867829
508100,0.48207199526673755,0.21002707272935456,0.6600282293508682
509100,0.48207199526673755,0.21002707272935456,0.6600282293508682
510100,0.48207199526673755,0.21002707272935456,0.6600282293508682
511100,0.48207199526673755,0.21002707272935456,0.6600282293508682
512100,0.48207199526673755,0.21002707272935456,0.6600282293508682
513100,0.48207199526673755,0.21002707272935456,0.6600282293508682
514100,0.48207199526673755,0.21002707272935456,0.6600282293508682
515100,0.45232813734974714,0.21002707272935456,0.6600282293508682
516100,0.45232813734974714,0.21002707272935456,0.6600282293508682
517100,0.45232813734974714,0.21002707272935456,0.6600282293508682
518100,0.45232813734974714,0.21002707272935456,0.6600282293508682
519100,0.45232813734974714,0.21002707272935456,0.6600282293508682
520100,0.45232813734974714,0.21002707272935456,0.6600282293508682
521100,0.45232813734974714,0.21002707272935456,0.6600282293508682
522100,0.45232813734974714,0.21002707272935456,0.6600282293508682
523100,0.45232813734974714,0.2082133938574882,0.6600282293508682
524100,0.45232813734974714,0.2082133938574882,0.6600282293508682
525100,0.45232813734974714,0.2082133938574882,0.6600282293508682
526100,0.45232813734974714,0.2082133938574882,0.6409863144179534
527100,0.45232813734974714,0.2082133938574882,0.6409863144179534
528100,0.45232813734974714,0.2082133938574882,0.6409863144179534
529100,0.45232813734974714,0.20325174625929895,0.6409863144179534
530100,0.45232813734974714,0.20325174625929895,0.6409863144179534
531100,0.45232813734974714,0.20325174625929895,0.6403210497065421
532100,0.45232813734974714,0.20024529684336279,0.6403210497065421
533100,0.45232813734974714,0.20024529684336279,0.6403210497065421
534100,0.45232813734974714,0.19815833334004238,0.6403210497065421
535100,0.45232813734974714,0.19815833334004238,0.6403210497065421
536100,0.45232813734974714,0.19815833334004238,0.6403210497065421
537100,0.45232813734974714,0.19815833334004238,0.6403210497065421
538100,0.45232813734974714,0.19815833334004238,0.6403210497065421
539100,0.45232813734974714,0.19815833334004238,0.6403210497065421
540100,0.45232813734974714,0.19815833334004238,0.6403210497065421
541100,0.45183350720828536,0.19815833334004238,0.6403210497065421
542100,0.45183350720828536,0.1939769400187773,0.606573262498823
543100,0.45183350720828536,0.1939769400187773,0.606573262498823
544100,0.44981684820694195,0.1939769400187773,0.606573262498823
545100,0.44981684820694195,0.1939769400187773,0.606573262498823
546100,0.44174899856519095,0.1939769400187773,0.606573262498823
547100,0.44096618635543267,0.1939769400187773,0.606573262498823
548100,0.44096618635543267,0.1939769400187773,0.606573262498823
549100,0.44096618635543267,0.1939769400187773,0.606573262498823
550100,0.43021114806509114,0.1939769400187773,0.606573262498823
551100,0.43021114806509114,0.1934215558826413,0.606573262498823
552100,0.43021114806509114,0.1934215558826413,0.606573262498823
553100,0.43021114806509114,0.1934215558826413,0.606573262498823
554100,0.43021114806509114,0.1934215558826413,0.606573262498823
555100,0.43021114806509114,0.1934215558826413,0.606573262498823
556100,0.43021114806509114,0.1934215558826413,0.606573262498823
557100,0.43021114806509114,0.1934215558826413,0.606573262498823
558100,0.43021114806509114,0.1934215558826413,0.606573262498823
559100,0.43021114806509114,0.1934215558826413,0.606573262498823
560100,0.43021114806509114,0.1934215558826413,0.606573262498823
561100,0.43021114806509114,0.1934215558826413,0.606573262498823
562100,0.43021114806509114,0.1934215558826413,0.606573262498823
563100,0.43021114806509114,0.1934215558826413,0.606573262498823
564100,0.42955651198379996,0.1934215558826413,0.606573262498823
565100,0.42955651198379996,0.1934215558826413,0.606573262498823
566100,0.42955651198379996,0.1934215558826413,0.606573262498823
567100,0.42955651198379996,0.19100350552208883,0.606573262498823
568100,0.42955651198379996,0.19100350552208883,0.606573262498823
569100,0.42955651198379996,0.19100350552208883,0.606573262498823
570100,0.42955651198379996,0.19100350552208883,0.606573262498823
571100,0.42955651198379996,0.1895762838294842,0.606573262498823
572100,0.42955651198379996,0.1895762838294842,0.606573262498823
573100,0.42955651198379996,0.1895762838294842,0.606573262498823
574100,0.42955651198379996,0.1895762838294842,0.6049174843661059
575100,0.42955651198379996,0.1895762838294842,0.6049174843661059
576100,0.42955651198379996,0.1895762838294842,0.6049174843661059
577100,0.42955651198379996,0.1895762838294842,0.6049174843661059
578100,0.42955651198379996,0.1895762838294842,0.6047163882911853
579100,0.42955651198379996,0.1895762838294842,0.6047163882911853
580100,0.42955651198379996,0.1895762838294842,0.6047163882911853
581100,0.42955651198379996,0.18796381819394825,0.6047163882911853
582100,0.42955651198379996,0.18796381819394825,0.6038170247902511
583100,0.42955651198379996,0.18796381819394825,0.6038170247902511
584100,0.4274975123025273,0.18796381819394825,0.6038170247902511
585100,0.4274975123025273,0.18796381819394825,0.6038170247902511
586100,0.4274975123025273,0.18796381819394825,0.6038170247902511
587100,0.4274975123025273,0.18796381819394825,0.6009068945983645
588100,0.4274975123025273,0.18796381819394825,0.6009068945983645
589100,0.4274975123025273,0.18796381819394825,0.6009068945983645
590100,0.4272026060981332,0.18796381819394825,0.6009068945983645
591100,0.4272026060981332,0.18732515463311,0.6009068945983645
592100,0.4272026060981332,0.18732515463311,0.6009068945983645
593100,0.42685561874491496,0.18732515463311,0.6009068945983645
594100,0.42680445738776834,0.18732515463311,0.6009068945983645
595100,0.42680445738776834,0.18732515463311,0.6009068945983645
596100,0.42680445738776834,0.18732515463311,0.6001474041120736
597100,0.42680445738776834,0.18732515463311,0.6001474041120736
598100,0.42680445738776834,0.1872537243997804,0.5965429397386438
599100,0.42680445738776834,0.1872537243997804,0.5965429397386438
600100,0.42680445738776834,0.1872537243997804,0.5935204008394634
601100,0.42680445738776834,0.1870041587032383,0.5935204008394634
602100,0.42680445738776834,0.1870041587032383,0.5935204008394634
603100,0.4259847402469014,0.18565073444130598,0.5935204008394634
604100,0.4259847402469014,0.18565073444130598,0.5935204008394634
605100,0.42572161104947037,0.18565073444130598,0.5935204008394634
606100,0.42553622103156163,0.18565073444130598,0.5935204008394634
607100,0.42553622103156163,0.18565073444130598,0.5935204008394634
608100,0.42553622103156163,0.18565073444130598,0.5935204008394634
609100,0.4235434941724041,0.18565073444130598,0.5935204008394634
610100,0.42350620622595614,0.18565073444130598,0.5935204008394634
611100,0.42350620622595614,0.18565073444130598,0.5935204008394634
612100,0.42350620622595614,0.18565073444130598,0.5935204008394634
613100,0.42350620622595614,0.18565073444130598,0.5935204008394634
614100,0.42126579690943033,0.18565073444130598,0.5935204008394634
615100,0.42126579690943033,0.18565073444130598,0.5935204008394634
616100,0.42126579690943033,0.18565073444130598,0.5935204008394634
617100,0.4199292410211053,0.18565073444130598,0.5935204008394634
618100,0.4199292410211053,0.18565073444130598,0.5935204008394634
619100,0.41979461293089215,0.18565073444130598,0.5935204008394634
620100,0.41979461293089215,0.18565073444130598,0.5935204008394634
621100,0.41979461293089215,0.18565073444130598,0.5935204008394634
622100,0.41979461293089215,0.18565073444130598,0.5935204008394634
623100,0.41979461293089215,0.18565073444130598,0.5935204008394634
624100,0.41979461293089215,0.18565073444130598,0.5935204008394634
625100,0.41979461293089215,0.18565073444130598,0.5935204008394634
626100,0.41979461293089215,0.18565073444130598,0.5935204008394634
627100,0.41979461293089215,0.18565073444130598,0.5935204008394634
628100,0.41979461293089215,0.18565073444130598,0.5935204008394634
629100,0.41979461293089215,0.18565073444130598,0.5935204008394634
630100,0.41979461293089215,0.18565073444130598,0.5935204008394634
631100,0.41979461293089215,0.18565073444130598,0.5935204008394634
632100,0.41979461293089215,0.18565073444130598,0.5935204008394634
633100,0.41979461293089215,0.18565073444130598,0.5935204008394634
634100,0.41934524996188666,0.18565073444130598,0.5935204008394634
635100,0.41873010021977247,0.18565073444130598,0.5935204008394634
636100,0.41873010021977247,0.18565073444130598,0.5935204008394634
637100,0.41873010021977247,0.18565073444130598,0.5935204008394634
638100,0.41873010021977247,0.18565073444130598,0.5935204008394634
639100,0.41873010021977247,0.18565073444130598,0.5935204008394634
640100,0.41873010021977247,0.18565073444130598,0.5935204008394634
641100,0.41873010021977247,0.18548205230870823,0.5935204008394634
642100,0.41873010021977247,0.18548205230870823,0.5935204008394634
643100,0.41873010021977247,0.18548205230870823,0.5935204008394634
644100,0.41873010021977247,0.18548205230870823,0.5935204008394634
645100,0.41873010021977247,0.18548205230870823,0.5935204008394634
646100,0.41873010021977247,0.18548205230870823,0.5935204008394634
647100,0.41873010021977247,0.18548205230870823,0.5935204008394634
648100,0.41873010021977247,0.18548205230870823,0.5935204008394634
649100,0.41873010021977247,0.18548205230870823,0.5931699947318435
650100,0.41873010021977247,0.18548205230870823,0.5931699947318435
651100,0.41871234368633786,0.18548205230870823,0.5931699947318435
652100,0.41871234368633786,0.18548205230870823,0.5931699947318435
653100,0.41871234368633786,0.18548205230870823,0.5931699947318435
654100,0.41871234368633786,0.18529293273724196,0.5931699947318435
655100,0.41871234368633786,0.18529293273724196,0.5931699947318435
656100,0.41740705277385365,0.18529293273724196,0.5931699947318435
657100,0.41740705277385365,0.18529293273724196,0.5931699947318435
658100,0.41740705277385365,0.18529293273724196,0.5931699947318435
659100,0.41740705277385365,0.18529293273724196,0.5931699947318435
660100,0.4171795849715291,0.18503543650928225,0.5931699947318435
661100,0.4171795849715291,0.18503543650928225,0.5931699947318435
662100,0.4171795849715291,0.18503543650928225,0.5931699947318435
663100,0.4171795849715291,0.18503543650928225,0.5931699947318435
664100,0.4171795849715291,0.18503543650928225,0.5931699947318435
665100,0.4171795849715291,0.18503543650928225,0.5931699947318435
666100,0.4171795849715291,0.18503543650928225,0.5931699947318435
667100,0.4171795849715291,0.18503543650928225,0.5931699947318435
668100,0.4171795849715291,0.18503543650928225,0.5931699947318435
669100,0.4171795849715291,0.18503543650928225,0.5931699947318435
670100,0.4171795849715291,0.18503543650928225,0.5931699947318435
671100,0.41716284209026544,0.18503543650928225,0.5931699947318435
672100,0.41680143668978314,0.18503543650928225,0.5931699947318435
673100,0.41680143668978314,0.18503543650928225,0.5929013008117232
674100,0.41680143668978314,0.18503543650928225,0.5929013008117232
675100,0.41680143668978314,0.18503543650928225,0.5929013008117232
676100,0.41680143668978314,0.18503543650928225,0.5929013008117232
677100,0.41680143668978314,0.18503543650928225,0.5929013008117232
678100,0.41680143668978314,0.18503543650928225,0.5929013008117232
679100,0.41680143668978314,0.18503543650928225,0.592685149366755
680100,0.41680143668978314,0.18503543650928225,0.592685149366755
681100,0.41680143668978314,0.18503543650928225,0.592685149366755
682100,0.41680143668978314,0.18503543650928225,0.592685149366755
683100,0.41680143668978314,0.18503543650928225,0.592685149366755
684100,0.41680143668978314,0.18503543650928225,0.592685149366755
685100,0.41680143668978314,0.1849265478625926,0.592685149366755
686100,0.41680143668978314,0.1849265478625926,0.592685149366755
687100,0.41680143668978314,0.1849265478625926,0.592685149366755
688100,0.41680143668978314,0.1849265478625926,0.592685149366755
689100,0.41680143668978314,0.1849265478625926,0.592685149366755
690100,0.41680143668978314,0.1849265478625926,0.592685149366755
691100,0.41680143668978314,0.1848799829329181,0.592685149366755
692100,0.41656057013729964,0.1848799829329181,0.592685149366755
693100,0.41656057013729964,0.1848799829329181,0.592685149366755
694100,0.41644012185500734,0.18457991071003133,0.592685149366755
695100,0.41565916838347233,0.18457991071003133,0.592685149366755
696100,0.41565916838347233,0.18457991071003133,0.592685149366755
697100,0.41565916838347233,0.18457991071003133,0.592685149366755
698100,0.41565916838347233,0.18425228006562777,0.592685149366755
699100,0.41565916838347233,0.18425228006562777,0.592685149366755
700100,0.41565916838347233,0.18425228006562777,0.592685149366755
701100,0.4155821128601864,0.18425228006562777,0.592685149366755
702100,0.4155821128601864,0.18425228006562777,0.592685149366755
703100,0.4155821128601864,0.18425228006562777,0.5924347835181392
704100,0.4155821128601864,0.18425228006562777,0.5923637840308361
705100,0.4154534418045529,0.18425228006562777,0.5923637840308361
706100,0.4154534418045529,0.18425228006562777,0.5923637840308361
707100,0.4154534418045529,0.18376940209790654,0.5923637840308361
708100,0.4154534418045529,0.18376940209790654,0.5923637840308361
709100,0.4154534418045529,0.18376940209790654,0.5923637840308361
710100,0.4154534418045529,0.18376940209790654,0.5921337312359137
711100,0.4154534418045529,0.18376940209790654,0.5921337312359137
712100,0.4154534418045529,0.18376940209790654,0.5921337312359137
713100,0.4154534418045529,0.18376940209790654,0.5921337312359137
714100,0.4154534418045529,0.18376940209790654,0.5921337312359137
715100,0.4154534418045529,0.18376940209790654,0.5921337312359137
716100,0.4154534418045529,0.18376940209790654,0.5921337312359137
717100,0.4154534418045529,0.18376940209790654,0.5921337312359137
718100,0.4154534418045529,0.18376940209790654,0.5921337312359137
719100,0.4154534418045529,0.18376940209790654,0.5916040604067793
720100,0.4154534418045529,0.18376940209790654,0.5916040604067793
721100,0.4154534418045529,0.18376940209790654,0.5916040604067793
722100,0.4154534418045529,0.18376940209790654,0.5916040604067793
723100,0.4154534418045529,0.18376940209790654,0.5916040604067793
724100,0.4154534418045529,0.18376940209790654,0.5915997569966163
725100,0.4153809713329837,0.18376940209790654,0.5915997569966163
726100,0.41446371523947545,0.18376940209790654,0.5913402415887559
727100,0.41446371523947545,0.18376940209790654,0.5913402415887559
728100,0.41446371523947545,0.18376940209790654,0.5913402415887559
729100,0.41446371523947545,0.18376940209790654,0.5909423427934405
730100,0.41446371523947545,0.18376940209790654,0.5909423427934405
731100,0.41446371523947545,0.18376940209790654,0.5909423427934405
732100,0.41446371523947545,0.18376940209790654,0.5909423427934405
733100,0.41446371523947545,0.18376940209790654,0.5909423427934405
734100,0.41446371523947545,0.18376940209790654,0.5909423427934405
735100,0.41446371523947545,0.18376940209790654,0.5909423427934405
736100,0.41446371523947545,0.18376940209790654,0.5909423427934405
737100,0.41446371523947545,0.18376940209790654,0.5909423427934405
738100,0.41446371523947545,0.18376940209790654,0.5909423427934405
739100,0.41446371523947545,0.18376940209790654,0.5909423427934405
740100,0.41446371523947545,0.18376940209790654,0.5909355492875317
741100,0.41446371523947545,0.18376940209790654,0.5909355492875317
742100,0.41446371523947545,0.18376940209790654,0.5909355492875317
743100,0.41446371523947545,0.18376940209790654,0.5909355492875317
744100,0.41446371523947545,0.18376940209790654,0.5909355492875317
745100,0.41446371523947545,0.18376940209790654,0.5909355492875317
746100,0.41446371523947545,0.18376940209790654,0.5909355492875317
747100,0.41446371523947545,0.18376940209790654,0.5906333293580602
748100,0.41446371523947545,0.18376940209790654,0.5904153634775479
749100,0.41446371523947545,0.18376940209790654,0.5904153634775479
750100,0.41446371523947545,0.18376940209790654,0.5904153634775479
751100,0.41446371523947545,0.18376940209790654,0.5904153634775479
752100,0.41446371523947545,0.18376940209790654,0.5904153634775479
753100,0.41446371523947545,0.18376940209790654,0.5904153634775479
754100,0.41446371523947545,0.18376940209790654,0.5904153634775479
755100,0.41446371523947545,0.18376940209790654,0.5904153634775479
756100,0.41446371523947545,0.18376940209790654,0.5904153634775479
757100,0.41446371523947545,0.18376940209790654,0.5904153634775479
758100,0.41446371523947545,0.18376940209790654,0.5904153634775479
759100,0.41446371523947545,0.18376940209790654,0.5904153634775479
760100,0.41446371523947545,0.18376940209790654,0.5903410018408914
761100,0.41446371523947545,0.18376940209790654,0.5903410018408914
762100,0.41446371523947545,0.18376940209790654,0.5903410018408914
763100,0.41446371523947545,0.18376940209790654,0.5903410018408914
764100,0.4139454116040991,0.18376940209790654,0.5903410018408914
765100,0.4139454116040991,0.18376940209790654,0.5903410018408914
766100,0.4139454116040991,0.1835851579962325,0.5903410018408914
767100,0.4139454116040991,0.1835851579962325,0.5903410018408914
768100,0.4139454116040991,0.1835851579962325,0.5901250565349256
769100,0.4139454116040991,0.1835851579962325,0.5901250565349256
770100,0.4139454116040991,0.1835851579962325,0.5901250565349256
771100,0.4139454116040991,0.1835851579962325,0.5901250565349256
772100,0.4139454116040991,0.1835851579962325,0.5901250565349256
773100,0.4139454116040991,0.1835851579962325,0.5901250565349256
774100,0.4139454116040991,0.1835851579962325,0.5901250565349256
775100,0.4139454116040991,0.1835851579962325,0.5901250565349256
776100,0.4139454116040991,0.1835851579962325,0.5901250565349256
777100,0.4139454116040991,0.1835851579962325,0.5901250565349256
778100,0.4139454116040991,0.1835851579962325,0.5901250565349256
779100,0.4139454116040991,0.1835851579962325,0.5901250565349256
780100,0.4139454116040991,0.1835851579962325,0.5901250565349256
781100,0.4139454116040991,0.18317778267149704,0.5901250565349256
782100,0.4139454116040991,0.18317778267149704,0.5901250565349256
783100,0.4139454116040991,0.18317778267149704,0.5901250565349256
784100,0.4139454116040991,0.18317778267149704,0.5901250565349256
785100,0.4139454116040991,0.18317778267149704,0.5900127174974165
786100,0.4139454116040991,0.18303719845085037,0.5900127174974165
787100,0.41380938415991125,0.18303719845085037,0.5900127174974165
788100,0.41347211200868456,0.18303719845085037,0.589749778771145
789100,0.41347211200868456,0.18303719845085037,0.589749778771145
790100,0.4129205889167602,0.18303719845085037,0.589749778771145
791100,0.4129205889167602,0.18303719845085037,0.589749778771145
792100,0.4129205889167602,0.18303719845085037,0.589749778771145
793100,0.4129205889167602,0.18303719845085037,0.5895600423520362
794100,0.4129205889167602,0.18303719845085037,0.5895600423520362
795100,0.4129205889167602,0.18303719845085037,0.5895600423520362
796100,0.4129205889167602,0.18303719845085037,0.5893226553209979
797100,0.4129205889167602,0.18303719845085037,0.5893226553209979
798100,0.4129205889167602,0.18303719845085037,0.5893226553209979
799100,0.4129205889167602,0.18303719845085037,0.5893226553209979
800000,0.4129205889167602,0.18303719845085037,0.5891760425099066
