NoOfEvals,RexJggKTabletP7K5_0,RexJggKTabletP7K5_1,RexJggKTabletP7K5_2
0,598481.6908553543,660209.5722810115,664470.1351226318
100,207628.13982996685,373264.641232348,357222.06417642493
1100,90399.30146805993,154910.30401691623,127894.73117704305
2100,41975.14354553586,51607.24419348301,47303.1619330194
3100,15205.607150526981,16976.052406173163,13099.30268244925
4100,9405.01140166942,6633.41949086682,6539.605281355844
5100,3069.7099819812083,1875.8101543524315,3298.790913924442
6100,990.6906391927856,927.9861438672726,1261.2338110347634
7100,335.44642080806886,424.49248402876304,395.0986079409751
8100,161.1637149331895,105.184446692648,236.84498069121858
9100,60.69283339247185,56.910712982937504,91.72258371604248
10100,38.07124114685986,30.23393774693753,37.08193779955135
11100,13.013019340420374,14.304241181248322,21.758527040817462
12100,5.0528835036622395,9.220209474781091,8.414946380389624
13100,3.5021761217803675,4.28311246786843,3.4067172114181616
14100,1.5929665585810147,2.297294278660391,2.4248303800907696
15100,1.4691426624087307,1.5272017444933226,1.6644586888756852
16100,1.1665478075170785,1.0407755529153047,1.371092428305729
17100,0.9720616063266334,0.7181727281307988,1.2220060643425414
18100,0.9447541148691566,0.5357086871711386,1.0912918402555762
19100,0.8601816116568356,0.4674471913611841,0.9424503911921451
20100,0.7838254784443033,0.39106648547384765,0.7786375316114965
21100,0.7571618366142884,0.30968992495731873,0.5986700099077513
22100,0.6977239545759891,0.2656288924818591,0.4313980331878858
23100,0.6388632968838861,0.22225763072515792,0.34860532718114084
24100,0.6115225599576519,0.19144310177104423,0.30878658853023744
25100,0.5800272620736315,0.17605609554890608,0.24261997595904133
26100,0.5547609761909988,0.1625504225934833,0.2192522496929055
27100,0.5253732047597072,0.1509644026588157,0.19557265288797326
28100,0.4924326378648516,0.14009173852811352,0.17290665455373574
29100,0.471093820312175,0.1297489687693991,0.15130849569098365
30100,0.44099079700184335,0.12420569750118264,0.13284219069638573
31100,0.41188897374387756,0.1219431471524151,0.12101789017884819
32100,0.3975410359148165,0.11589479092066368,0.11158939360653902
33100,0.3897396989524762,0.11043488843511409,0.10584863314261181
34100,0.3813414436468919,0.10593201797486627,0.09930254191066717
35100,0.36798150351431314,0.10250079232267748,0.09651035287545631
36100,0.36206151984686685,0.1014072574007637,0.08996393016752094
37100,0.3550951402273513,0.0971538102221214,0.08614111511945007
38100,0.34992974362477663,0.09526866527230342,0.08442278898497309
39100,0.3435073273749465,0.0931321507928067,0.08219313354550083
40100,0.3393859457437778,0.0903113073861894,0.08000262194405214
41100,0.33565839369150813,0.08898798004242309,0.07819038586309329
42100,0.32898848899831695,0.0874355541720316,0.07600057978645251
43100,0.3236180635106765,0.08631656946383716,0.07465183738842668
44100,0.31855550832743484,0.08480475516973124,0.07325531957970455
45100,0.3135998501812767,0.08366096408421067,0.0718191387899135
46100,0.30812327301809533,0.08287539598350736,0.07008550704977029
47100,0.3036692246788806,0.08237036767025785,0.06877956920236623
48100,0.3003519872993391,0.08160776372989316,0.06689035623541462
49100,0.2957425322797721,0.08097756413126744,0.06546880818870271
50100,0.29303715411141756,0.07996888515313365,0.06333489887749749
51100,0.2915705689670215,0.0791856899473313,0.06245745474863917
52100,0.2891741318803926,0.07856017639358129,0.06145503852221694
53100,0.28807197655877326,0.0776984432290539,0.059860114159822356
54100,0.2860974619317683,0.07734427604968616,0.05895626459446686
55100,0.28409426008346694,0.07681954236011036,0.05843495553536917
56100,0.2834641113435509,0.07649648001093785,0.05795588421298958
57100,0.28135313126632483,0.07560148668651176,0.05746284103487348
58100,0.27887160781442244,0.07484473786895898,0.05706813934992955
59100,0.27784394633221193,0.07421616024856129,0.05673771548085862
60100,0.27527138658420036,0.07333082945253827,0.05643293095511733
61100,0.2740700077449676,0.07308897864698408,0.05606200545783333
62100,0.2719596398206253,0.07190057495800957,0.05583745849623635
63100,0.26974339111891904,0.07086642314538216,0.05569159919672358
64100,0.26899822918530003,0.06936390503030025,0.05554107157560105
65100,0.26785106920302715,0.06901920413527289,0.055354173848954503
66100,0.2668225200414991,0.06794894931389833,0.05517225181555652
67100,0.26602362584851863,0.06742135397758209,0.05494054451283079
68100,0.2649668380666301,0.06721034071623026,0.05465139921883661
69100,0.2644137542942056,0.0668654998934895,0.05455430583044919
70100,0.26380450629342383,0.06656623157568248,0.054459745909933965
71100,0.26243805508154516,0.0663141877163716,0.05437145636158522
72100,0.2608384203082818,0.06609997045968516,0.0543180347125453
73100,0.2583770089149436,0.06593369740419311,0.05423571903870812
74100,0.2576365088441202,0.06571018642392654,0.05414287938805835
75100,0.25573889731892946,0.06555250945974618,0.05402578558326804
76100,0.2545954456182503,0.06531292317153081,0.053911028410367254
77100,0.2536550450368923,0.06517108611730131,0.05385125960101429
78100,0.2522509757881103,0.0650227170771844,0.05375352530655556
79100,0.25052293783273055,0.06493708317359884,0.05367405668944645
80100,0.24770250249510312,0.06481887996889339,0.05352823311862127
81100,0.24712971247288137,0.06474224923127271,0.05341742581167353
82100,0.24603872811481373,0.06463176637905409,0.05331667134995385
83100,0.24410587213004895,0.06456506143885708,0.05327755149135365
84100,0.23950212621551148,0.06444940843956473,0.053234059025166355
85100,0.2348334487997987,0.06434924055681139,0.05319781632409338
86100,0.23287735321075081,0.06427426339164337,0.05317690387068383
87100,0.23257420664342138,0.06424155624357589,0.0531548134582973
88100,0.23234312503054322,0.0642028016469168,0.05313679480629204
89100,0.2320735269561851,0.06416920390592147,0.05312024316586059
90100,0.23180067285169326,0.064122457733441,0.053096363521047324
91100,0.23142255302566714,0.06406378958256266,0.05307955075655435
92100,0.23109062450661097,0.06402619306434303,0.053060329362741146
93100,0.23079873645115184,0.0639855805456437,0.05303877500077005
94100,0.23043728825278448,0.06394039342592052,0.05302525900795252
95100,0.23022240006759725,0.0639017732669575,0.0530082539847411
96100,0.23002804652678008,0.0638778294199509,0.05299363153924583
97100,0.22991313837768762,0.06386001908063992,0.05298535365597353
98100,0.22960966812280859,0.06383571627063074,0.05297351718002342
99100,0.22958331041314053,0.06380936902400856,0.052963360421497956
100100,0.22950338616797197,0.06376589408751389,0.05295457392999112
101100,0.22942160005255985,0.06375930329781708,0.052945135375845026
102100,0.22936464873980011,0.06374420597422913,0.052943274250846904
103100,0.22924349122693916,0.06372762939692637,0.052938058687842654
104100,0.22914364606853757,0.06371361761288628,0.05293489086947665
105100,0.22903256382379547,0.06369770184207983,0.052930160594779445
106100,0.2289203644521316,0.06367743232934503,0.05292733210634767
107100,0.22881714233564138,0.06364629481302671,0.05292445447737501
108100,0.22873412352801809,0.06362720469530293,0.05292159201002481
109100,0.22869286840505604,0.06361910567699497,0.05291700968057407
110100,0.22865334396178294,0.06361267834483929,0.05291194555672324
111100,0.22862682443671978,0.06360286738017402,0.05290677256296555
112100,0.2286117252674555,0.06359149990510993,0.05290287899251804
113100,0.2285944099878786,0.06357455351794117,0.05289956668232583
114100,0.22857472426252173,0.06355941696315981,0.052898433043797675
115100,0.22855400977781212,0.06354691185137794,0.05289657612188863
116100,0.2285334895381446,0.06354294227470916,0.05289489137731985
117100,0.22850727089527031,0.06353559198454722,0.05289220208573572
118100,0.22849332110083498,0.06352839221573904,0.052889602443509716
119100,0.228478659255369,0.06352270333111423,0.05288736764492008
120100,0.22845617397862747,0.06351465070241828,0.05288529816040558
121100,0.22843394957142446,0.06350900936095016,0.052882915563485615
122100,0.2284118643114713,0.06350330946008119,0.0528813789882729
123100,0.22838250668072713,0.06349562884139305,0.05287980885821404
124100,0.22837117877074414,0.0634890085945984,0.05287803249736523
125100,0.2283540330652689,0.06347900263678351,0.05287621921218175
126100,0.22833664985394986,0.06347321731516085,0.05287438969220148
127100,0.2283245053002094,0.06347011836905893,0.05287115537759557
128100,0.22830827524628614,0.06346201431603388,0.05286826487412934
129100,0.22829822279146553,0.06345598844516787,0.05286631764653857
130100,0.22828498758426774,0.06344611801817225,0.05286400710604834
131100,0.2282691275425282,0.06343268058782378,0.05286194993906879
132100,0.22825340226565155,0.06342456999882148,0.052859981812099444
133100,0.22824169390918794,0.06341936399486273,0.052857588036055475
134100,0.22823670639551222,0.06340903325917796,0.052855037144475835
135100,0.22823185383563904,0.06340045352854537,0.05285125151150143
136100,0.22822826422066564,0.06338697771519788,0.05285062485594474
137100,0.2282255529933159,0.06337690578876759,0.05284766688621939
138100,0.22821780984201437,0.06336345346138515,0.05284670371931401
139100,0.2282108553449145,0.06335154206773312,0.052844956150816406
140100,0.22819895505176813,0.06334104104221744,0.05284356432546688
141100,0.22819383466500412,0.06332636441715345,0.05284182406009664
142100,0.228185773444227,0.06331169219016672,0.052840609554361595
143100,0.22817990107923702,0.06329957216326415,0.052839613117938465
144100,0.228168327642721,0.06328254319892289,0.05283854145460535
145100,0.22814931996689017,0.06327161179339057,0.05283745357092602
146100,0.2281360621596489,0.06326548365497822,0.052836280513243676
147100,0.2281245024179071,0.06325843580402331,0.05283483822770804
148100,0.22811387844186676,0.06325256394677793,0.052833299506433576
149100,0.22810593833530657,0.06324914458770566,0.05283212204994279
150100,0.228094935000886,0.0632451766658043,0.05283116334957794
151100,0.22808484526802303,0.06323704835512685,0.05283025729144674
152100,0.22807788737444465,0.06322911374774785,0.05282915673713444
153100,0.22807135619446783,0.06322179682536067,0.05282810492342918
154100,0.22806677179368298,0.06321699303297126,0.05282531552458799
155100,0.22806199115305084,0.06321664201209537,0.05282409610259514
156100,0.22805781528052002,0.06321482013522228,0.05282307558118291
157100,0.22804779629170907,0.06321372258146406,0.05282166911383124
158100,0.2280409527236045,0.0632125618502651,0.05282077248312091
159100,0.22802606695304578,0.06321151677166947,0.05282032480254594
160100,0.22801206440690336,0.06320936476781877,0.05281977898965665
161100,0.2280015096761278,0.06320700894607642,0.05281945353770417
162100,0.22798134652388685,0.06320527045092533,0.05281856278244808
163100,0.2279658522309993,0.06320322084745131,0.05281827295878414
164100,0.2279572963834717,0.06320124116825214,0.0528179604508835
165100,0.22794259043118845,0.06319956493684861,0.05281755600561539
166100,0.22793082183301813,0.06319804768550355,0.05281720092071055
167100,0.22792367425456184,0.06319533429352547,0.052816358962807924
168100,0.22790923349971282,0.06319359473510618,0.052815840188788446
169100,0.22789864752459932,0.06319130135974067,0.05281519599555153
170100,0.22789185369595913,0.06318657265684953,0.05281462053860907
171100,0.22788242045729343,0.06318263042702174,0.05281411696878051
172100,0.2278731392052392,0.06317982243678899,0.05281318823049431
173100,0.22786439051673935,0.06317256521333058,0.05281243398547677
174100,0.2278544140038786,0.0631694717732614,0.05281195487422897
175100,0.2278412145583699,0.06316551690641467,0.052811402392925824
176100,0.22783358062973055,0.06316197689420494,0.05281099953210818
177100,0.22782274718917409,0.06315992094058988,0.05281034201214306
178100,0.22780594419310957,0.06315875112766538,0.05281012259080062
179100,0.22779951618092878,0.06315722796549526,0.05280963747331717
180100,0.22779106698828308,0.06315655644812565,0.05280903818143373
181100,0.2277852978743656,0.06315565866161045,0.05280877683843981
182100,0.22778134863949598,0.06315434170464818,0.05280812867552412
183100,0.2277759599340779,0.06315329268769466,0.05280749365601956
184100,0.22777044203975885,0.0631515349859011,0.052806814050625865
185100,0.22776558501480837,0.06315070326357625,0.052806037359174635
186100,0.22776005891613385,0.06314882655437734,0.052804835254038535
187100,0.2277536602015037,0.06314683083120283,0.052803669759897205
188100,0.22774250308399552,0.06314566482140374,0.0528034289975453
189100,0.2277332729446163,0.06314418440303597,0.05280296791746539
190100,0.22772562000571595,0.06314346847643779,0.052802609958423764
191100,0.2277118019737141,0.06314218939002542,0.05280229249021855
192100,0.22769612949133416,0.06314143149024745,0.05280216005619874
193100,0.22768142360698965,0.06314086725187792,0.05280188290551905
194100,0.22765997257594028,0.0631401993726113,0.05280167176029434
195100,0.22763583771656337,0.06313921830021715,0.05280138716152955
196100,0.22757330393536684,0.06313854202313728,0.05280131682258009
197100,0.22754667513827137,0.06313815781364006,0.05280106964188217
198100,0.2275298950458457,0.06313721179304203,0.052800961846645136
199100,0.22750915989974838,0.06313663922387051,0.052800760998645245
200100,0.22749350616435077,0.06313577223812614,0.05280043914583902
201100,0.2274633546390925,0.06313359553234678,0.05279997537981699
202100,0.22745287413744808,0.06313211924172503,0.05279967827710395
203100,0.22744185730409916,0.06313075449340382,0.052799142689097446
204100,0.22742603375019618,0.0631301687610697,0.05279881217440801
205100,0.22741000744495654,0.06312942098455089,0.052798548186720966
206100,0.22740167204496486,0.06312838487668311,0.05279822333936591
207100,0.2273829849402043,0.06312733049384216,0.05279803695623424
208100,0.22736294951334768,0.06312507094306717,0.052797745166443776
209100,0.22734499295986882,0.06312350380796176,0.052797546461722536
210100,0.2273265003811146,0.06312270526851486,0.05279734983886109
211100,0.22731662425432714,0.06312085899546552,0.05279725858138423
212100,0.22730511521850857,0.06311974997622614,0.05279709085960895
213100,0.2272930980592631,0.06311827819663182,0.05279697204310231
214100,0.22728274645823734,0.06311743287446976,0.0527965351023689
215100,0.22727816266676726,0.06311709216820961,0.05279639983092739
216100,0.22727627454849256,0.06311674080937438,0.052796055018640195
217100,0.22727449005312098,0.06311650356784877,0.052795743099347876
218100,0.2272710248357462,0.0631163153948907,0.05279547264600234
219100,0.2272671150054507,0.06311622895033685,0.05279489258598866
220100,0.22726208719342078,0.06311615290676637,0.052794307516301146
221100,0.22725687206784895,0.06311610087439704,0.05279359067636894
222100,0.22724820637893084,0.06311604747350019,0.05279269425761351
223100,0.22724121290813845,0.063115992507447,0.052792107636020075
224100,0.22723848955949616,0.06311595198167569,0.05279158514696014
225100,0.22723304477182213,0.06311590955231844,0.05279120374157605
226100,0.2272285510652512,0.06311585807396963,0.052790916439317166
227100,0.22721923940115019,0.06311580522670363,0.052790793485094925
228100,0.22720880834008939,0.06311576396946175,0.05279065050831753
229100,0.22720218629313443,0.06311574490257424,0.05279043435938071
230100,0.22717913522886274,0.06311571420941972,0.052790171870432674
231100,0.22717173296890833,0.0631156735790684,0.05278983509762169
232100,0.22715674570488006,0.06311562481031878,0.05278941638237187
233100,0.22713477231382687,0.06311558630158733,0.05278876598332864
234100,0.22711418234510686,0.06311553613570316,0.05278801578028898
235100,0.22709147597959434,0.06311550322371802,0.05278730361104249
236100,0.22706146498264598,0.06311546437647717,0.052786521040777884
237100,0.22702224076096406,0.06311539919008877,0.05278628823437715
238100,0.22698090757442346,0.06311533784090115,0.05278596676292096
239100,0.2269306370959517,0.06311529573041624,0.05278529534690243
240100,0.2269023126903035,0.06311525013972477,0.05278450042917395
241100,0.2268638933761454,0.06311520266677845,0.05278372630089825
242100,0.22681094023155393,0.06311516458719721,0.052783537917076365
243100,0.22676163359671173,0.06311510152210359,0.05278336783333042
244100,0.2267203713443288,0.06311506049852794,0.05278321431727481
245100,0.22667867398913022,0.06311500699156047,0.05278295382667519
246100,0.22663865747482176,0.06311497153734323,0.052782595928014105
247100,0.22660789333811507,0.06311495871556655,0.052782367766645744
248100,0.22656750856250274,0.06311494997232764,0.052782155821684607
249100,0.22650653409078614,0.06311494154797247,0.052781787700979806
250100,0.22643258882599268,0.0631149238059824,0.05278151582396499
251100,0.22637308197612094,0.06311491112074961,0.052781175376659474
252100,0.22630141188418626,0.06311489802030626,0.05278091446662508
253100,0.22626575853391864,0.06311488691385103,0.0527806442659081
254100,0.22619985237971088,0.06311487707834347,0.05278044109911608
255100,0.22616311058858915,0.06311485970544427,0.05278018193085236
256100,0.22606262525139648,0.06311484549539963,0.052779973082161785
257100,0.22601473203968955,0.06311483189442028,0.0527798649157183
258100,0.22591712517641652,0.06311482498791608,0.052779739252788574
259100,0.22583558449445804,0.06311481307808432,0.052779565475819995
260100,0.22567913736089593,0.06311479921849263,0.05277936403087712
261100,0.2255808676444523,0.06311476743229874,0.052779131178540314
262100,0.22550282181177794,0.06311475389274601,0.05277892371670415
263100,0.2254972956535163,0.0631147249597567,0.05277870948529053
264100,0.2254848569210699,0.06311470716879417,0.05277860549668058
265100,0.22547944395906377,0.06311468830477708,0.05277848026705898
266100,0.22547372226992554,0.0631146623204228,0.05277826284406727
267100,0.2254656240315104,0.0631146397593296,0.05277810839134243
268100,0.22546385670963337,0.06311461525227116,0.05277803403017412
269100,0.22545708496201225,0.06311457611600671,0.05277794846136979
270100,0.2254487199473641,0.0631145432600768,0.05277787996762862
271100,0.22543934177395372,0.06311449760104962,0.05277784231897767
272100,0.22542672439505,0.06311446090591474,0.052777737522257256
273100,0.22540922507991096,0.063114454787458,0.05277758816678514
274100,0.2253965065399251,0.06311445180532291,0.05277749351855813
275100,0.22538374893319102,0.06311444123922579,0.052777372010699
276100,0.22535393468026285,0.06311443294440848,0.05277729774278575
277100,0.22533719463389862,0.06311441298695532,0.0527772026376091
278100,0.22531093884714018,0.06311438757615062,0.05277711400396563
279100,0.2252830717062881,0.06311433687218107,0.05277697458753712
280100,0.2252503546227448,0.06311428206134198,0.05277685608199112
281100,0.22523018721574997,0.06311420940376167,0.052776709644991614
282100,0.225194954655328,0.06311403590207698,0.052776500947211064
283100,0.2251820661321021,0.06311397298385567,0.05277627404278188
284100,0.22516754975967432,0.06311389076839273,0.05277615757000856
285100,0.22515765075292296,0.06311384233934222,0.05277588713471837
286100,0.22514298013087375,0.06311383853416525,0.05277559182990425
287100,0.2251330050271793,0.06311382672301111,0.05277528462024504
288100,0.22511072938538107,0.06311381097699939,0.05277507675227477
289100,0.22509504421589102,0.06311378832580497,0.05277489336525899
290100,0.22508077656833778,0.06311375802807824,0.05277472852211099
291100,0.2250613961271308,0.06311372952020339,0.0527746170267061
292100,0.22502918468692376,0.06311371082668553,0.0527745471414474
293100,0.2250016013822824,0.06311370008648308,0.052774501731298745
294100,0.22498630209559253,0.06311368164736261,0.05277446935202373
295100,0.224983009459697,0.06311366538342347,0.05277441001052597
296100,0.2249780944088739,0.06311363049986145,0.05277432947611533
297100,0.2249727628728113,0.06311359122795629,0.05277425871283548
298100,0.22497045939275195,0.06311353221371592,0.05277418084792765
299100,0.2249701453466475,0.06311346266283144,0.05277412501822029
300100,0.2249700310032564,0.0631134544601655,0.052774053485033175
301100,0.22496993531891943,0.06311343622319485,0.052774037394632406
302100,0.2249698521144458,0.06311341909297086,0.05277402568050285
303100,0.22496966251567607,0.06311340888922512,0.05277401993818165
304100,0.22496942503969483,0.06311339967553686,0.052774016238520044
305100,0.22496914440598564,0.06311338946066317,0.05277401098756389
306100,0.22496886724898998,0.06311338245132053,0.052774005411508035
307100,0.2249684994446871,0.06311337592142935,0.052774003404179266
308100,0.22496787470781646,0.06311337271819434,0.05277400311943888
309100,0.22496743047044063,0.06311337120829383,0.052774002614283486
310100,0.2249666844396482,0.06311336949412082,0.05277400194501422
311100,0.2249661922366931,0.06311336670897504,0.05277400170065028
312100,0.22496566871817397,0.06311336445695909,0.05277400154686408
313100,0.2249642942698235,0.06311336143294767,0.0527740014682659
314100,0.22496393823917415,0.06311335471647313,0.05277400143208261
315100,0.22496300185830606,0.06311334654190623,0.05277400138289659
316100,0.2249619780994586,0.06311333245121184,0.052774001298488096
317100,0.22496106895737977,0.06311332341707004,0.052774001188826115
318100,0.22495992471449908,0.06311331627490688,0.0527740010401656
319100,0.22495881748710514,0.06311331127978843,0.05277400083273412
320100,0.2249579586967144,0.06311330554684273,0.0527740005510336
321100,0.22495762480200848,0.06311329960005449,0.05277400004716908
322100,0.2249570011288875,0.06311329737750777,0.052773999537130724
323100,0.2249557933771641,0.06311329449496705,0.052773998453653354
324100,0.2249544553489316,0.06311329016835336,0.05277399806087045
325100,0.22495229647500822,0.0631132871805969,0.052773996204748916
326100,0.22494977777388117,0.06311328049494934,0.052773996204748916
327100,0.22494712495317076,0.06311327407823819,0.052773995668539894
328100,0.2249451319043016,0.06311326877639103,0.052773995106582004
329100,0.2249431056285027,0.06311326183614369,0.05277399395932355
330100,0.22494105751765026,0.06311325692605096,0.052773992115649766
331100,0.22493983851010146,0.06311325278529728,0.05277398970911207
332100,0.22493933313303158,0.06311324630034526,0.05277398783600479
333100,0.22493888737586873,0.06311324359307162,0.05277398629461407
334100,0.22493803378263408,0.0631132413847073,0.052773985661726676
335100,0.22493680790089204,0.0631132381544787,0.05277398479103044
336100,0.22493596917794312,0.0631132371910677,0.05277398376266126
337100,0.22493528433324508,0.06311323493598955,0.05277398309088594
338100,0.22493494157313543,0.06311323373218808,0.05277398241286584
339100,0.22493435922902835,0.06311323118033507,0.052773981305614025
340100,0.22493363359241128,0.06311322745263293,0.052773980636201125
341100,0.22493261307865278,0.06311322329669804,0.05277397919964237
342100,0.22493063189125242,0.0631132188994128,0.05277397693547279
343100,0.22492944241951643,0.06311321463326622,0.052773975352421516
344100,0.22492785904562093,0.0631132101064272,0.052773973769100625
345100,0.22492601171393678,0.06311320506963586,0.05277397228260396
346100,0.22492403057122318,0.0631132019083708,0.052773970723129365
347100,0.22492189474672458,0.06311319534702922,0.0527739681990487
348100,0.22491783957695657,0.06311318601499827,0.05277396417444353
349100,0.22491138846440484,0.06311317552203936,0.05277396189609093
350100,0.22490685625801235,0.0631131658421407,0.05277395894101836
351100,0.22490023587618643,0.06311315497920002,0.052773958214931194
352100,0.22489720229107057,0.0631131507222081,0.05277395598300969
353100,0.2248937789956831,0.06311314578086519,0.052773954151811034
354100,0.22489126509588525,0.06311313973382374,0.0527739507442445
355100,0.2248880950307191,0.0631131344799823,0.05277394818086948
356100,0.22488581181070336,0.06311312854268192,0.052773945717903246
357100,0.22488270899760573,0.06311312473078329,0.052773943427261355
358100,0.2248814305564607,0.06311312044280509,0.052773939321753026
359100,0.22488050902336293,0.06311311552736032,0.05277393607355448
360100,0.22487846518509833,0.06311310732038398,0.05277393108956162
361100,0.22487609144264734,0.06311309806094999,0.05277392146890761
362100,0.22487250683405177,0.06311308985135512,0.05277391232508742
363100,0.22486812041183007,0.0631130799176989,0.05277390771380352
364100,0.2248643731080083,0.0631130658835955,0.0527739045519458
365100,0.22486177568692625,0.06311304696805907,0.05277389753710066
366100,0.2248609297667113,0.06311302739564982,0.05277389411044063
367100,0.22485944132093194,0.06311301198420002,0.05277388694157902
368100,0.2248589981299947,0.0631129970830466,0.05277387501137494
369100,0.22485863090127625,0.06311297808728653,0.05277386567685831
370100,0.22485814161213474,0.06311296476130518,0.05277385788963877
371100,0.22485786782324688,0.0631129551330449,0.05277385031859733
372100,0.224857567400357,0.06311294937155618,0.052773829442968656
373100,0.22485720054586247,0.06311294753574218,0.05277380744032762
374100,0.22485686764848895,0.06311294341887724,0.0527737964468529
375100,0.2248565984822642,0.06311293709902112,0.05277378768034444
376100,0.2248561038679379,0.06311292850764566,0.052773780704767105
377100,0.22485576066605745,0.06311292333018932,0.05277377598420976
378100,0.2248554500187324,0.06311291873134421,0.052773775544883245
379100,0.22485508964812084,0.06311291645934776,0.05277377446997862
380100,0.22485479446905304,0.06311291387568195,0.052773774109646523
381100,0.22485451004538665,0.06311291138088405,0.05277377314526605
382100,0.22485433801154933,0.06311291018549973,0.052773772074756475
383100,0.22485411556980245,0.063112909647899,0.05277377068860861
384100,0.22485404479060644,0.063112909279024,0.052773767897644534
385100,0.22485393284309133,0.06311290903347852,0.05277376481983382
386100,0.22485387074776053,0.06311290880783603,0.05277375504752961
387100,0.2248538095122649,0.06311290835877752,0.05277374489895637
388100,0.2248537056756675,0.0631129076934281,0.052773731598034765
389100,0.2248536352158945,0.06311290695438443,0.05277372274244191
390100,0.22485346301680867,0.06311290581990413,0.05277371505869845
391100,0.2248532628169692,0.06311290521540437,0.05277371191580568
392100,0.22485316939993782,0.06311290449484064,0.05277370748614436
393100,0.22485295111005318,0.06311290329438511,0.05277369766504563
394100,0.22485282911168666,0.0631129022468174,0.05277368284332529
395100,0.22485277352490235,0.06311290110059305,0.052773673290264354
396100,0.22485272943567486,0.06311290009528882,0.05277366831342477
397100,0.2248526129070986,0.06311289800487657,0.05277366613638425
398100,0.22485240123704958,0.06311289672629701,0.05277366364169509
399100,0.2248522125526588,0.06311289393205682,0.05277366082011463
400100,0.22485210325767285,0.06311289352843338,0.05277365904750911
401100,0.22485194874460326,0.06311289277385475,0.0527736559548643
402100,0.2248518361461104,0.06311289207515229,0.05277365415088925
403100,0.22485174700349594,0.06311289167195536,0.052773651357197415
404100,0.22485155231422027,0.06311289108948304,0.05277364953594539
405100,0.22485127285629586,0.06311289046572822,0.052773648343221465
406100,0.22485098587595584,0.06311288964122826,0.052773648098939814
407100,0.22485069901066915,0.06311288874327392,0.052773648014036466
408100,0.22485054581142247,0.06311288803545342,0.05277364792477625
409100,0.22485039459658315,0.06311288739841302,0.05277364782771823
410100,0.22485016355757292,0.06311288679531477,0.05277364770476533
411100,0.22484989002792946,0.0631128860077631,0.05277364754734337
412100,0.22484948081276945,0.06311288576930037,0.052773647328853354
413100,0.22484884454429827,0.06311288560742234,0.052773646926713894
414100,0.2248479414005407,0.06311288534621305,0.052773646573648615
415100,0.22484674497594845,0.06311288500788516,0.05277364628120103
416100,0.2248459253046543,0.06311288472833014,0.05277364599981345
417100,0.22484464971118204,0.06311288425353218,0.0527736456999018
418100,0.2248443520512161,0.06311288404384971,0.05277364530268012
419100,0.2248441397873205,0.06311288363396564,0.05277364471736665
420100,0.22484372403241512,0.06311288324984454,0.0527736439612413
421100,0.22484346303241784,0.06311288252932322,0.05277364341196065
422100,0.2248432079200666,0.06311288187820525,0.05277364294197405
423100,0.22484301137788232,0.06311288124959642,0.05277364241855453
424100,0.22484293057649515,0.06311288091689783,0.052773641913405715
425100,0.22484262305929512,0.06311288036649858,0.052773641181898014
426100,0.22484229010634757,0.06311288005925364,0.052773640521603785
427100,0.22484165375064089,0.06311287989070535,0.052773638849637844
428100,0.22484136341527858,0.0631128796961387,0.052773637618677226
429100,0.224840994736193,0.06311287948382592,0.052773636996448076
430100,0.22484063998189174,0.06311287916771258,0.052773636404570834
431100,0.2248402560028126,0.06311287890676921,0.052773635853360146
432100,0.22484006363394382,0.06311287887620533,0.052773634448042915
433100,0.22483970148406926,0.06311287875622854,0.05277363268906627
434100,0.22483935482802783,0.06311287869706225,0.05277363079981426
435100,0.2248390781496206,0.06311287863425585,0.05277362858575003
436100,0.22483886628959,0.06311287857868032,0.052773627885720376
437100,0.22483864563133926,0.06311287853912781,0.05277362654401866
438100,0.22483839248824436,0.06311287841957798,0.05277362509474921
439100,0.22483823019820615,0.06311287829895432,0.052773623413211845
440100,0.2248381004731444,0.06311287820880346,0.052773622634172554
441100,0.22483789251364716,0.06311287811411911,0.05277362149824609
442100,0.2248377353187941,0.06311287803030059,0.052773620585436366
443100,0.22483764324726746,0.06311287797741202,0.05277362015433996
444100,0.224837393841543,0.06311287783760383,0.052773619888877875
445100,0.22483724457300064,0.0631128776908287,0.05277361957487139
446100,0.2248370948364552,0.06311287739110111,0.05277361936166475
447100,0.22483691301110328,0.06311287720458232,0.05277361911502418
448100,0.22483671811728564,0.0631128770824565,0.05277361886156733
449100,0.22483667342185912,0.06311287696305266,0.05277361846605929
450100,0.22483658870599427,0.06311287679101939,0.052773617865495656
451100,0.2248364128490013,0.06311287668053725,0.052773616818366204
452100,0.2248362978993321,0.06311287665351609,0.05277361605778059
453100,0.2248361366756935,0.06311287663598096,0.05277361528267808
454100,0.22483604025204432,0.0631128766152092,0.05277361452923112
455100,0.22483592391212326,0.0631128765986465,0.0527736141448837
456100,0.22483578831712728,0.06311287658886106,0.052773613651410485
457100,0.22483567735657217,0.06311287658184286,0.052773612525529916
458100,0.22483561987735934,0.0631128765799148,0.052773611934690615
459100,0.2248355760221485,0.06311287657909277,0.0527736114345329
460100,0.22483554598583338,0.06311287657849231,0.05277361092796284
461100,0.22483553478673463,0.06311287657766898,0.05277361005460545
462100,0.22483551803710855,0.06311287657735697,0.05277360980629626
463100,0.2248355086787604,0.06311287657724178,0.05277360922484673
464100,0.22483549439303666,0.06311287657706427,0.05277360881695306
465100,0.22483547663438808,0.06311287657689217,0.05277360833596484
466100,0.22483545841461883,0.0631128765764652,0.05277360810622107
467100,0.22483543577911194,0.06311287657607756,0.05277360782132463
468100,0.22483541104716398,0.06311287657531424,0.05277360743104012
469100,0.2248353852591006,0.0631128765750366,0.0527736072302748
470100,0.2248353599793458,0.06311287657450135,0.05277360672417454
471100,0.2248353214472877,0.06311287657423485,0.05277360629913699
472100,0.22483524326455565,0.0631128765736611,0.05277360553291919
473100,0.2248352011238018,0.06311287657300961,0.05277360503174591
474100,0.2248351627741612,0.0631128765718877,0.05277360457580629
475100,0.22483511118149896,0.06311287657089319,0.05277360381546909
476100,0.22483505217822947,0.06311287656906663,0.052773602518833944
477100,0.22483498000957328,0.06311287656768982,0.052773602329758945
478100,0.22483493496382767,0.06311287656597273,0.05277360206808064
479100,0.22483486256817709,0.06311287656406551,0.05277360172416288
480100,0.22483481559477467,0.06311287656156263,0.05277360137449527
481100,0.22483476489424142,0.06311287655961498,0.052773601026231624
482100,0.2248346890249559,0.06311287655674419,0.052773600534822294
483100,0.2248346529435309,0.06311287655447517,0.052773599785433174
484100,0.22483454674008796,0.06311287655111977,0.05277359882357543
485100,0.22483442854387534,0.06311287654782764,0.05277359766523847
486100,0.22483432709697135,0.0631128765430755,0.05277359721655686
487100,0.2248342576612742,0.06311287653924132,0.05277359640541389
488100,0.224834182408022,0.06311287653434818,0.05277359609147504
489100,0.2248340846646582,0.06311287652869468,0.052773594730563124
490100,0.22483397811250488,0.06311287652272157,0.05277359379350926
491100,0.22483378929442757,0.06311287651856762,0.05277359289160864
492100,0.22483368854458832,0.06311287650898117,0.05277359183850048
493100,0.22483351996469675,0.06311287650746136,0.052773591164677086
494100,0.22483344584778148,0.06311287650613916,0.0527735901221146
495100,0.22483321598301798,0.06311287650471513,0.0527735889521885
496100,0.22483308636018762,0.06311287650355375,0.052773587925845626
497100,0.22483290150978638,0.06311287650151767,0.05277358700066505
498100,0.22483276673354308,0.06311287649996215,0.05277358646919208
499100,0.224832610839683,0.0631128764975966,0.052773586088226056
500100,0.22483251333453128,0.06311287649194641,0.05277358559978483
501100,0.22483234258189355,0.06311287648517654,0.05277358520045518
502100,0.22483215602313344,0.06311287648201197,0.052773584818421884
503100,0.22483184393227515,0.06311287647678787,0.052773584405989116
504100,0.22483152219929434,0.06311287647238635,0.05277358357721165
505100,0.22483117038150627,0.06311287646659788,0.05277358206108575
506100,0.22483097480535594,0.06311287645662826,0.05277358038368316
507100,0.22483077821404562,0.06311287644268707,0.05277357794048699
508100,0.22483048697358224,0.06311287643039185,0.052773577091226744
509100,0.22483021909172496,0.0631128764155884,0.05277357584373012
510100,0.22482958087122146,0.06311287639881612,0.05277357387394498
511100,0.2248293288467278,0.06311287638980427,0.052773570831227065
512100,0.22482908906277313,0.06311287637561203,0.0527735679969088
513100,0.22482900034844067,0.0631128763631928,0.05277356401439365
514100,0.22482898827299314,0.06311287635726642,0.052773561128731605
515100,0.22482897974952057,0.06311287635519248,0.052773559114333436
516100,0.2248289729296448,0.06311287635103034,0.05277355719617848
517100,0.22482896387960594,0.06311287634850718,0.05277355643786333
518100,0.22482895392295996,0.0631128763416229,0.05277355573778182
519100,0.22482894414359925,0.0631128763354635,0.052773555377169865
520100,0.2248289311907761,0.06311287632907406,0.052773554310570604
521100,0.2248289169631356,0.06311287632337487,0.052773552999305466
522100,0.22482889752377525,0.06311287631660908,0.05277355157347102
523100,0.22482886588464307,0.06311287630884707,0.05277354847391991
524100,0.22482882961233489,0.06311287629448432,0.052773546936460296
525100,0.2248287985622392,0.06311287628800435,0.052773545584628496
526100,0.2248287837618441,0.06311287628083054,0.052773544386954536
527100,0.22482876592890333,0.06311287627824051,0.05277354153188672
528100,0.22482874728021732,0.06311287627618838,0.05277353862212416
529100,0.22482872284321942,0.06311287627433658,0.05277353537523666
530100,0.22482869467470595,0.06311287627244123,0.052773532916942
531100,0.2248286862918839,0.0631128762719468,0.05277353065989834
532100,0.22482868375458107,0.06311287627147978,0.05277352922722939
533100,0.22482868140468593,0.06311287627062988,0.052773526511307976
534100,0.22482867903995962,0.06311287626986777,0.05277352334453812
535100,0.22482867707577192,0.06311287626852984,0.052773519517865033
536100,0.2248286748511397,0.06311287626724287,0.05277351206934319
537100,0.2248286733561535,0.06311287626510921,0.05277350390714935
538100,0.2248286711203924,0.06311287626276163,0.052773495129178144
539100,0.22482866842571175,0.06311287626137263,0.0527734837669042
540100,0.22482866544305444,0.0631128762604686,0.05277347701193204
541100,0.2248286633224645,0.06311287625972692,0.05277346806821089
542100,0.22482866178829394,0.063112876258803,0.0527734604272523
543100,0.2248286596719033,0.06311287625791075,0.052773451507381434
544100,0.2248286588612059,0.06311287625730327,0.05277343940338962
545100,0.22482865698572313,0.063112876257146,0.052773422910681954
546100,0.22482865424425708,0.06311287625665947,0.05277340075218818
547100,0.22482865321682166,0.06311287625636174,0.052773378766181
548100,0.22482865286358245,0.06311287625612348,0.05277336677865786
549100,0.22482865272401337,0.06311287625605236,0.05277335792416518
550100,0.22482865269642602,0.06311287625599298,0.05277334034067386
551100,0.2248286526858577,0.0631128762559328,0.05277332248900534
552100,0.2248286526708338,0.06311287625579627,0.05277331174785659
553100,0.224828652647975,0.06311287625574698,0.0527733051759532
554100,0.2248286525904233,0.06311287625559119,0.05277330085530796
555100,0.22482865257765228,0.06311287625532853,0.05277329262991468
556100,0.22482865249974024,0.06311287625501158,0.05277328170723126
557100,0.2248286523994215,0.06311287625458492,0.052773272999250054
558100,0.22482865237281258,0.06311287625431128,0.052773265650973185
559100,0.2248286523284981,0.06311287625413083,0.05277326136380071
560100,0.2248286522987219,0.0631128762538875,0.05277325857815868
561100,0.22482865224372311,0.06311287625351031,0.05277325722116609
562100,0.22482865220169918,0.06311287625302155,0.05277325594998125
563100,0.2248286521684036,0.06311287625279903,0.05277325391235918
564100,0.22482865213545997,0.06311287625249595,0.052773252374410044
565100,0.2248286520887068,0.06311287625202618,0.05277324942254585
566100,0.22482865202815494,0.06311287625169508,0.05277324591397165
567100,0.2248286519532869,0.06311287625116542,0.052773239669417646
568100,0.2248286518800705,0.0631128762500837,0.05277323358102822
569100,0.2248286518133816,0.06311287624895003,0.05277322343712768
570100,0.22482865172766858,0.0631128762472651,0.0527732137325192
571100,0.22482865162419444,0.06311287624551963,0.05277320938953904
572100,0.2248286515041975,0.06311287624514818,0.05277320486892839
573100,0.22482865142675001,0.06311287624470786,0.05277319892630048
574100,0.22482865133354954,0.06311287624445093,0.05277318900140002
575100,0.224828651258583,0.0631128762442731,0.05277317870949006
576100,0.22482865119578407,0.06311287624407502,0.05277316640321801
577100,0.22482865115557668,0.0631128762438355,0.05277315666016914
578100,0.22482865113207043,0.06311287624368858,0.052773145704045406
579100,0.22482865104452102,0.06311287624350433,0.052773137734391434
580100,0.22482865092897888,0.06311287624333374,0.05277312745629564
581100,0.22482865081035755,0.06311287624309567,0.05277310614021835
582100,0.2248286506610804,0.06311287624278854,0.052773090655865565
583100,0.22482865052558698,0.06311287624249239,0.05277306015822741
584100,0.224828650317158,0.06311287624230805,0.052773044929122034
585100,0.22482864997991625,0.06311287624225129,0.0527730322012788
586100,0.22482864984537193,0.06311287624216784,0.052773015557973056
587100,0.2248286495112204,0.06311287624215886,0.0527729905014694
588100,0.22482864914593176,0.0631128762421567,0.052772955451755164
589100,0.22482864870557817,0.06311287624215293,0.05277293058999543
590100,0.2248286479513457,0.06311287624214729,0.052772923859150986
591100,0.2248286477082787,0.06311287624213527,0.05277291936363071
592100,0.2248286475193322,0.06311287624212354,0.052772893510886994
593100,0.22482864725712273,0.06311287624211086,0.05277288477498825
594100,0.22482864715300424,0.0631128762420926,0.05277287038914345
595100,0.22482864714358788,0.06311287624207135,0.05277284598049602
596100,0.22482864713538767,0.0631128762420474,0.0527728257632726
597100,0.2248286471200299,0.06311287624201575,0.05277280547179281
598100,0.22482864708275677,0.06311287624195056,0.052772786827828363
599100,0.22482864704855732,0.06311287624194244,0.0527727659329447
600100,0.2248286469522623,0.06311287624192047,0.05277273967939125
601100,0.22482864685405246,0.06311287624189978,0.052772714294121635
602100,0.22482864663719052,0.06311287624188204,0.05277268566429062
603100,0.22482864650350548,0.06311287624185974,0.052772667274971576
604100,0.22482864631329721,0.0631128762418321,0.052772640124475974
605100,0.22482864615637524,0.06311287624180878,0.05277262355658045
606100,0.22482864598700045,0.06311287624178948,0.052772612076675884
607100,0.22482864591198226,0.06311287624177062,0.052772603494333645
608100,0.22482864574692937,0.06311287624173964,0.05277258860460204
609100,0.22482864558511773,0.0631128762417088,0.05277258313265467
610100,0.22482864538838573,0.06311287624167175,0.05277257917012058
611100,0.22482864519966564,0.06311287624162486,0.05277257093982379
612100,0.224828644975177,0.06311287624158703,0.05277256910568234
613100,0.2248286448718293,0.0631128762415487,0.05277256302855124
614100,0.22482864485354973,0.06311287624148965,0.05277255544669482
615100,0.22482864479833012,0.06311287624144508,0.052772546752019235
616100,0.22482864476448586,0.06311287624142459,0.05277252898893827
617100,0.22482864471843922,0.06311287624137672,0.0527724987007651
618100,0.22482864464651783,0.06311287624130192,0.052772468846288
619100,0.22482864455739895,0.06311287624122647,0.052772431793312494
620100,0.22482864451096837,0.06311287624117708,0.0527724144712467
621100,0.22482864446024295,0.0631128762410736,0.052772384464461614
622100,0.22482864440334896,0.06311287624099589,0.05277235159293906
623100,0.22482864435984784,0.06311287624095357,0.05277230658433217
624100,0.22482864430297184,0.06311287624092399,0.05277225648738831
625100,0.22482864426380497,0.06311287624089683,0.052772187403373215
626100,0.22482864421542403,0.06311287624088222,0.0527721642583422
627100,0.22482864417260795,0.06311287624086699,0.05277215616890224
628100,0.22482864412686013,0.0631128762408492,0.05277214691021054
629100,0.224828644067653,0.06311287624083903,0.05277213626558074
630100,0.22482864401347313,0.06311287624080635,0.0527721241058419
631100,0.2248286439379658,0.06311287624074896,0.05277210563740037
632100,0.224828643869964,0.06311287624070785,0.05277208924409726
633100,0.22482864378694922,0.06311287624066199,0.052772085310497534
634100,0.2248286436234309,0.06311287624063346,0.05277208115582644
635100,0.2248286434661833,0.06311287624060781,0.052772073392860476
636100,0.22482864320757498,0.06311287624057849,0.05277206179192936
637100,0.22482864310129053,0.06311287624052478,0.05277205514688944
638100,0.22482864293976437,0.06311287624047306,0.05277205229125915
639100,0.22482864268273975,0.06311287624043466,0.05277204504548145
640100,0.2248286422972846,0.0631128762404237,0.052772038023360834
641100,0.2248286415169507,0.06311287624041344,0.05277202759781725
642100,0.22482864054541882,0.06311287624040361,0.05277201129128157
643100,0.22482863966782377,0.06311287624039127,0.052772004798039944
644100,0.22482863887030616,0.06311287624037462,0.052771998451598516
645100,0.22482863803253436,0.06311287624035729,0.05277199496009334
646100,0.22482863651108942,0.06311287624035312,0.052771990654717646
647100,0.2248286345184642,0.06311287624033438,0.05277198755559627
648100,0.2248286328615438,0.0631128762403227,0.0527719867407084
649100,0.22482862963414985,0.06311287624031248,0.05277198654934172
650100,0.22482862650929175,0.06311287624030515,0.052771986546442204
651100,0.22482862455986657,0.06311287624030047,0.05277198653873294
652100,0.22482862253376942,0.06311287624029499,0.052771986537240176
653100,0.22482861948524732,0.06311287624028848,0.05277198653219252
654100,0.22482861776980184,0.06311287624028274,0.05277198652403586
655100,0.2248286172631449,0.06311287624027563,0.05277198650608495
656100,0.2248286170345754,0.06311287624027394,0.05277198648423732
657100,0.22482861684195413,0.06311287624026998,0.05277198645373891
658100,0.22482861631588666,0.06311287624026524,0.052771986417821846
659100,0.22482861556472142,0.06311287624025914,0.05277198634137757
660100,0.22482861454318495,0.06311287624024646,0.0527719862519304
661100,0.2248286134117381,0.06311287624022778,0.0527719860973241
662100,0.22482861177156468,0.06311287624021268,0.05277198597422814
663100,0.22482860761579243,0.06311287624018841,0.052771985912798115
664100,0.22482860470165514,0.0631128762401743,0.05277198586041415
665100,0.22482860212514877,0.06311287624016088,0.05277198576308512
666100,0.2248285986626004,0.06311287624014478,0.05277198561888594
667100,0.2248285983885658,0.06311287624012152,0.05277198536716757
668100,0.22482859768613997,0.06311287624006538,0.05277198466078938
669100,0.2248285966870596,0.06311287624004341,0.05277198398614392
670100,0.22482859545882009,0.06311287624001034,0.05277198318715304
671100,0.22482859430651125,0.06311287624000277,0.05277198280511997
672100,0.22482859413597514,0.06311287623999284,0.0527719824452423
673100,0.2248285940722222,0.06311287623997806,0.05277198221205217
674100,0.22482859397533433,0.06311287623996888,0.05277198178314133
675100,0.22482859384715237,0.06311287623995751,0.05277198107260611
676100,0.22482859362901253,0.06311287623994395,0.05277198035689341
677100,0.22482859350598253,0.06311287623992126,0.0527719794818044
678100,0.22482859332249389,0.06311287623990831,0.05277197912765217
679100,0.22482859314008244,0.06311287623989502,0.052771979067919556
680100,0.2248285928971935,0.06311287623988518,0.0527719790125252
681100,0.2248285926374166,0.06311287623987485,0.052771978985960886
682100,0.22482859238852476,0.06311287623985881,0.052771978908810996
683100,0.22482859213814427,0.06311287623985713,0.052771978743486894
684100,0.22482859172956482,0.06311287623985345,0.05277197851235749
685100,0.22482859104234573,0.0631128762398398,0.052771978171113926
686100,0.22482859072157585,0.06311287623982649,0.0527719778086181
687100,0.22482859018529797,0.06311287623980899,0.052771977296348714
688100,0.22482858950342782,0.06311287623979393,0.05277197691607873
689100,0.22482858848820456,0.06311287623977414,0.052771976652739215
690100,0.2248285879619033,0.06311287623975118,0.05277197640795984
691100,0.22482858763129643,0.06311287623972588,0.05277197607154833
692100,0.2248285868395523,0.063112876239702,0.052771975398349505
693100,0.22482858627645785,0.06311287623966312,0.05277197501530892
694100,0.22482858461092936,0.06311287623963187,0.052771974135971754
695100,0.22482858353959911,0.0631128762395984,0.052771973859248346
696100,0.22482858195205654,0.06311287623959855,0.0527719738291301
697100,0.22482858110094822,0.06311287623959083,0.05277197372086094
698100,0.2248285800317855,0.06311287623957999,0.05277197358867978
699100,0.22482857866672676,0.06311287623957133,0.05277197346318457
700100,0.224828577802247,0.0631128762395583,0.05277197336493338
701100,0.2248285765235825,0.06311287623954619,0.05277197327326532
702100,0.22482857523885463,0.06311287623953707,0.05277197317899494
703100,0.22482857299501452,0.06311287623953134,0.05277197307879944
704100,0.22482856824601447,0.0631128762395221,0.052771972970883846
705100,0.22482856364546105,0.0631128762395,0.05277197291351892
706100,0.22482855464429238,0.0631128762394727,0.05277197281742496
707100,0.22482854535787006,0.06311287623944714,0.052771972749635035
708100,0.22482854047291087,0.06311287623942692,0.05277197269686122
709100,0.2248285374560267,0.06311287623939428,0.052771972654377164
710100,0.22482853527080482,0.06311287623936639,0.052771972550236364
711100,0.22482853079583884,0.0631128762393284,0.05277197226786607
712100,0.22482852737687153,0.06311287623929265,0.052771972029620876
713100,0.2248285206593871,0.06311287623925836,0.052771971764319935
714100,0.2248285128474988,0.06311287623920045,0.05277197141247635
715100,0.22482850754516676,0.06311287623917276,0.05277197118465821
716100,0.2248285027506399,0.06311287623912325,0.052771970804812336
717100,0.22482849962375534,0.06311287623906238,0.05277197021898483
718100,0.22482849308075678,0.06311287623904728,0.05277196969881981
719100,0.22482848512237397,0.06311287623903734,0.05277196911157958
720100,0.2248284739903195,0.06311287623902721,0.052771967991708864
721100,0.2248284550321578,0.06311287623901846,0.05277196702433257
722100,0.22482844448866773,0.06311287623900126,0.052771966002470326
723100,0.2248284309977137,0.06311287623899443,0.05277196549428857
724100,0.22482841911237675,0.06311287623898773,0.05277196466291272
725100,0.22482839884468162,0.06311287623898246,0.052771964194633016
726100,0.2248283822525456,0.06311287623897605,0.052771963483604425
727100,0.22482836567397263,0.06311287623897305,0.052771963248785705
728100,0.22482833998511723,0.06311287623897051,0.05277196314880578
729100,0.22482832751861756,0.06311287623896589,0.052771963007350216
730100,0.22482832448604184,0.06311287623895857,0.05277196280562004
731100,0.2248283228320531,0.06311287623895193,0.05277196257964202
732100,0.2248283223325822,0.06311287623893633,0.05277196230652875
733100,0.22482832073609213,0.06311287623893279,0.052771961775823224
734100,0.22482831629967406,0.06311287623892732,0.052771961095604406
735100,0.22482831269698725,0.06311287623892002,0.05277196076314474
736100,0.2248283101003806,0.06311287623891194,0.052771959877803115
737100,0.2248283038594749,0.06311287623890938,0.052771958969129784
738100,0.22482829826473652,0.06311287623890485,0.052771957627548445
739100,0.22482829079969244,0.06311287623890238,0.05277195547451081
740100,0.2248282798033874,0.06311287623889947,0.05277195419814095
741100,0.22482826726725663,0.06311287623889712,0.05277195260455264
742100,0.22482826072971218,0.06311287623889573,0.052771949152653784
743100,0.2248282455046627,0.0631128762388921,0.052771947596259576
744100,0.22482822726360815,0.06311287623889092,0.052771946329565465
745100,0.22482820715093696,0.06311287623888857,0.05277194489489793
746100,0.22482817752961703,0.0631128762388861,0.052771944135250375
747100,0.22482814437344248,0.0631128762388821,0.05277194308690252
748100,0.2248281010209506,0.06311287623887922,0.05277194155311341
749100,0.22482806197926794,0.06311287623887539,0.05277194006700326
750100,0.22482801935579338,0.06311287623887243,0.05277193924550227
751100,0.22482796735289495,0.06311287623886785,0.05277193845298031
752100,0.22482792216522177,0.06311287623886142,0.05277193629891629
753100,0.2248278564653627,0.0631128762388543,0.05277193437580772
754100,0.22482780731864566,0.06311287623885156,0.05277193326950495
755100,0.22482775408076752,0.06311287623884639,0.05277193240612535
756100,0.2248277362884123,0.0631128762388389,0.0527719316215861
757100,0.22482772233843787,0.06311287623882901,0.05277193093651411
758100,0.22482771361718312,0.06311287623882425,0.05277193053139238
759100,0.22482769621638773,0.06311287623881982,0.052771930300807575
760100,0.22482768114549084,0.06311287623881677,0.05277192993327858
761100,0.22482765862891485,0.06311287623881204,0.05277192952524345
762100,0.224827631733968,0.063112876238809,0.052771929190661315
763100,0.22482758900538125,0.06311287623880461,0.05277192891174957
764100,0.22482758286015192,0.06311287623880157,0.052771928718898714
765100,0.22482757906338807,0.06311287623879874,0.052771928384023926
766100,0.22482756975573398,0.06311287623879368,0.052771927945385357
767100,0.22482756456992598,0.06311287623878827,0.05277192761873277
768100,0.22482755391612852,0.06311287623878195,0.0527719272417578
769100,0.22482754505210945,0.06311287623876727,0.05277192686215034
770100,0.22482754003662123,0.0631128762387533,0.05277192655689936
771100,0.22482753584203186,0.06311287623874928,0.05277192621518514
772100,0.22482752955558474,0.06311287623874848,0.05277192566109199
773100,0.22482752495106123,0.06311287623874566,0.05277192496643125
774100,0.22482751568875795,0.06311287623874183,0.052771924226101115
775100,0.22482750346008243,0.0631128762387355,0.0527719233154176
776100,0.22482749927976206,0.06311287623872999,0.05277192223075487
777100,0.22482749385493686,0.06311287623872314,0.05277192160082358
778100,0.22482748765282778,0.06311287623871627,0.05277192088612019
779100,0.22482748048587534,0.06311287623871184,0.05277191934253094
780100,0.2248274685562184,0.06311287623870523,0.05277191720417772
781100,0.22482746162885608,0.0631128762386879,0.0527719152804926
782100,0.22482745560699754,0.06311287623867592,0.05277191247079291
783100,0.22482744890056855,0.06311287623866668,0.05277191175244064
784100,0.22482744524756587,0.06311287623865297,0.0527719112699583
785100,0.22482744324540976,0.06311287623864033,0.05277191008044853
786100,0.22482744004554617,0.06311287623863096,0.05277190929244211
787100,0.22482743786102452,0.06311287623861857,0.052771908214331795
788100,0.22482743676262987,0.06311287623861181,0.05277190697461699
789100,0.22482743544492867,0.06311287623860302,0.05277190549836486
790100,0.22482743476330067,0.06311287623859166,0.052771904499735
791100,0.224827433864388,0.06311287623858076,0.05277190289594293
792100,0.2248274331445565,0.06311287623856729,0.05277190119015204
793100,0.22482743273578132,0.0631128762385473,0.05277190017853476
794100,0.22482743264443056,0.0631128762385357,0.05277189889280255
795100,0.22482743262009014,0.06311287623853207,0.05277189803385946
796100,0.22482743261426327,0.06311287623852188,0.05277189775001378
797100,0.22482743260959714,0.06311287623851598,0.05277189710725869
798100,0.22482743260959714,0.06311287623850881,0.052771896775827165
799100,0.22482743260647978,0.0631128762385027,0.052771896646200245
800000,0.22482743260034893,0.06311287623849855,0.05277189663478319
