NoOfEvals,RexJggOffsetKTabletP14K5_0,RexJggOffsetKTabletP14K5_1,RexJggOffsetKTabletP14K5_2
0,854827.4038723592,701523.5374291914,874701.5406718564
100,854827.4038723592,701523.5374291914,874701.5406718564
1100,492003.7870857383,584731.9813483877,605184.8380103763
2100,229697.55481011793,257232.25905890844,424981.5053901989
3100,97053.12806537842,126460.74714662677,190940.0001140654
4100,64117.087902511084,83835.18151475133,135532.41969873378
5100,46541.95699141759,49377.525421118204,81993.18768596106
6100,22739.365707135712,26254.212162336346,52827.419900659545
7100,15704.104386167934,23184.429285652495,32389.601536615108
8100,12148.76045822186,14495.02759842746,27445.895024108973
9100,8604.10115122281,6202.1995868969825,15032.190568398275
10100,5538.166398398793,4834.036347384538,8980.288595177171
11100,2152.410923479151,2401.247615970377,5205.432603739013
12100,1710.2388646471409,2069.1196683110147,3006.3684301626186
13100,1626.222844842103,1868.1413360595914,1459.6840025745023
14100,774.4313202390786,553.7081849981446,1769.0149268207708
15100,591.553355505439,553.7081849981446,1006.760924104935
16100,345.1149090173579,277.24898037354865,730.4717492187727
17100,256.9269663519919,227.46502603063666,550.6631989025392
18100,157.80053238433146,147.90154157460384,364.42775601180614
19100,135.60856634276553,133.12020716390367,298.95075477901474
20100,125.9117024314463,123.72549916740962,258.98883533855974
21100,120.26358742498962,88.56178664459759,194.2457762528034
22100,100.91151574234485,70.39416886459121,164.75929620780448
23100,92.21961999870554,65.90198358773476,164.75929620780448
24100,80.89114353389843,56.309081030435244,153.11119840811367
25100,79.40006831548199,49.485635366282295,146.87182916930684
26100,74.1259862835749,47.29853933020825,141.35541209987534
27100,72.72148158065364,40.50935840178522,134.5407284254012
28100,71.16610418205045,41.95725367948733,131.65887770772935
29100,67.74903967692892,40.48863596919618,125.06585850083235
30100,66.79008844949539,39.59732691836994,120.0959927243837
31100,65.76159731655946,38.647488509624615,113.42127139249297
32100,63.66779995187809,37.48639794220255,105.63877920789533
33100,59.802780204367956,36.199854991509085,97.16026767614245
34100,58.02305907804611,34.30115711722327,89.00683746312487
35100,54.84697977421911,32.695565311385565,78.16471950454849
36100,50.20341548903689,30.875037980926944,69.04238687767021
37100,46.385641938330416,29.0477427602194,61.460917706672205
38100,42.659899190379356,28.083131809722886,58.52369743165225
39100,39.92689917671107,26.61158807083465,53.953079963641166
40100,37.45046109829988,24.829057037420892,43.15845751938922
41100,32.832913510081944,23.445056573588502,39.790599749217954
42100,32.48004798336997,22.058059108736526,35.82781035512382
43100,30.659406823464415,19.826993457079453,35.08730049301758
44100,28.671306708896342,18.22775551461591,31.69144176450162
45100,26.26117238602433,16.94534733209243,28.805293227791502
46100,24.039716133466687,15.845309485577959,27.188933270855056
47100,22.669246404117853,15.432492056351471,24.95870177684038
48100,21.769353070883803,14.566645880080475,23.49021810753309
49100,19.289090745658637,13.58209771194252,20.759736276164766
50100,18.350259088879636,12.486157767554394,19.096313072652
51100,17.205723989853507,10.98972133702399,18.867057761390736
52100,16.492777275778323,10.369884629992233,17.555435937489076
53100,15.44637986888459,9.580735989463001,17.298837177849823
54100,14.465646954555638,9.417589125069755,16.821231687921728
55100,13.635996484545652,8.124344495853169,16.153837010297202
56100,13.153115101032789,7.906607513129234,15.894212481516037
57100,12.841999725821992,7.426917254815068,15.223684243835669
58100,12.16585671781525,6.67488934726905,14.802348159782559
59100,11.685536866253164,6.582529568800523,14.2466904034768
60100,11.603625547037622,6.3297946767208995,13.750040451938652
61100,10.887306153911304,5.91940603092937,13.40897543525002
62100,10.60422003980097,5.402146043074507,12.95308437648162
63100,10.420655298160606,5.310509334444317,12.571135831211949
64100,9.868261346696583,4.915428458148307,12.241474854611626
65100,9.540404642651868,4.762749579106252,11.945377116792866
66100,9.3118618417428,4.545529292353492,11.730919446416188
67100,9.185808872582488,4.252884460603751,11.513513812259756
68100,8.897170145081812,4.0305761720658895,11.240217049024874
69100,8.693493931776437,3.7173588223046963,10.979870323647583
70100,8.569870067156804,3.5098717643158492,10.873805723043438
71100,8.270274051719712,3.2994284810763714,10.635670841501518
72100,8.128696777299947,3.1476285795370695,10.474721380553255
73100,7.797419057658475,2.9339380376337707,10.206925633525415
74100,7.541484653757961,2.685869804119545,9.810079008730158
75100,7.319057427208611,2.5777730400999515,9.613302964326405
76100,7.07944116584385,2.4816477167637516,9.415837913844612
77100,6.945815539241478,2.4384458679420677,9.145488738892265
78100,6.637066234198323,2.3679589475422795,8.945714784836975
79100,6.423726131041683,2.3308085255600117,8.812283253338462
80100,6.267730547962921,2.2895171356042283,8.418849322226997
81100,6.148273150081003,2.252000965265983,8.262462917766046
82100,6.052649501327618,2.221329942949124,8.187236062225146
83100,5.83118102336844,2.1792678696360976,8.008674592116838
84100,5.676771858599201,2.1524075182962097,7.944230842860928
85100,5.403106029685455,2.098866483002979,7.806883917741612
86100,5.35290684055369,2.0708840322408495,7.617763588145159
87100,5.239757592837492,2.022115097020458,7.517576118916466
88100,4.991813425703877,2.000437478098997,7.234325430931667
89100,4.743246854478193,1.9774131458755153,7.1034269275362085
90100,4.667623530574774,1.9557233955595965,6.9957230107247295
91100,4.5993357736383205,1.9261217755515672,6.882990563861253
92100,4.471364034165881,1.891186947236021,6.69439480191809
93100,4.367278626920429,1.8264167441224894,6.61537421294855
94100,4.211342392485651,1.7878870791304113,6.522023070602427
95100,4.1310977667704645,1.7674924690952762,6.423810404454181
96100,4.003821934304419,1.7318076681307604,6.294139639975524
97100,3.9601696459934153,1.7084480604029442,6.19377888542857
98100,3.8052841057101996,1.6910518962660233,6.075657944055744
99100,3.7068179424599808,1.656626231803937,5.9841514888810154
100100,3.6357706999674253,1.616266678939728,5.858314182817648
101100,3.591281296396167,1.6087371750469048,5.736857537467483
102100,3.5714032723965623,1.598629632101127,5.641505750630554
103100,3.52669537081499,1.5780218912397403,5.4885876804425004
104100,3.4489597945855057,1.5614674402617386,5.384583823459124
105100,3.362565923582876,1.541716479392208,5.283032447699625
106100,3.315695554385659,1.5239387107861044,5.178049111290021
107100,3.2692945272994702,1.506147394922224,5.125299136518924
108100,3.198121447535238,1.4973042746351894,5.021714055641691
109100,3.145685315719301,1.464332352787239,4.990403393384543
110100,3.075859585904826,1.464332352787239,4.94030648732721
111100,3.041823369905301,1.4527430662745537,4.852242136925617
112100,2.988340521777308,1.4267875810034394,4.773452697510388
113100,2.956713421839665,1.413753774708622,4.715408778129048
114100,2.9285764411313515,1.4029229558848388,4.574344190410338
115100,2.893476468368266,1.392378002746444,4.4604261738802204
116100,2.850557875553037,1.373608878264767,4.363782056828139
117100,2.790494739251598,1.368771445459567,4.224554988745504
118100,2.7385369342738253,1.356184884439914,4.126941938250846
119100,2.688950426543567,1.3386640055692638,3.973519446713288
120100,2.621214496790806,1.3207958047475885,3.9462093645027165
121100,2.5378244382330437,1.311380205754932,3.829744236401478
122100,2.4823414495966585,1.3055020829382709,3.769339972867735
123100,2.443427049909565,1.3012509808601869,3.7126625067835466
124100,2.404105826798232,1.2844715589121374,3.661107865510275
125100,2.3755721404009233,1.2739781458460169,3.620803173838289
126100,2.3687751648465283,1.2603533941245426,3.5900436252784633
127100,2.3225831518689017,1.2511108625591332,3.545952804108276
128100,2.2948166277238884,1.23868475739664,3.4760652270622954
129100,2.2763900057747137,1.2316827874316667,3.4468882049089977
130100,2.254268925032886,1.225500696785342,3.386755132465292
131100,2.229075938375421,1.218703682218992,3.3479964403378277
132100,2.203384306080495,1.2139713251780215,3.250792949837597
133100,2.185840117782966,1.2019683332361937,3.1824184255961865
134100,2.144077788726633,1.1962060312449079,3.0623183226772945
135100,2.1046674044902978,1.1918060652725653,3.046585163258169
136100,2.0959559199117703,1.190679683237315,2.977654669298773
137100,2.0608366227925137,1.1766383521534998,2.952908634164405
138100,2.0297923697352296,1.1748878804858758,2.9086600450343325
139100,2.0176582141584123,1.1663596507801823,2.89061987190118
140100,1.9921417599755296,1.1573620983810455,2.8688511320855357
141100,1.9811571562540866,1.1486085772305947,2.8076563770324725
142100,1.9764164144955052,1.1364330952057151,2.762934573870434
143100,1.9572948911189005,1.1291856660493986,2.7449132628293658
144100,1.9476526795247784,1.1201896478547049,2.7167142784273235
145100,1.9274778877329048,1.117402459762016,2.6795526125080564
146100,1.9241589613726078,1.1092752599229427,2.6463194306978446
147100,1.9124779374829768,1.0982273151826762,2.628486346855942
148100,1.9014539143085913,1.092204822259305,2.6060274446720233
149100,1.8868513490729986,1.084723312718021,2.5678098503466833
150100,1.8699117923661976,1.073355807143462,2.5489225585724538
151100,1.8595944713931716,1.0680679630106138,2.496642133056581
152100,1.8441522751685344,1.065288131252879,2.445995361781619
153100,1.8324728217633661,1.0581440006669978,2.411844121991596
154100,1.808219743366305,1.0546838653650117,2.3746082759268794
155100,1.8018910474456458,1.044231920231308,2.3626914280920315
156100,1.7889954796180803,1.0423279722727974,2.323206412393787
157100,1.7776049311869544,1.033990374986941,2.3092035449279953
158100,1.7693896248510474,1.0307677069528733,2.2897724275395226
159100,1.7545295855887961,1.026785990460136,2.266427817649128
160100,1.7475907263875254,1.021659911893897,2.237516018515837
161100,1.7412814632055833,1.0181186218867937,2.198460063828598
162100,1.7346042243007107,1.0115102016394066,2.1728808063007197
163100,1.7264570841288238,1.0063333344933503,2.1539588292080563
164100,1.708683983217988,1.003062267007344,2.119930926485345
165100,1.7024965051818488,0.9948554436593317,2.0918118814403623
166100,1.6911017397553483,0.9889870005469498,2.0774236932578396
167100,1.6779004283062522,0.9858059158645122,2.044672643885603
168100,1.6731515707040923,0.9759939309057507,2.0272474434560728
169100,1.6610462376571893,0.9699117503047539,2.0041836840396234
170100,1.6544036208359982,0.9687404020345431,1.963218909636009
171100,1.6485383316810223,0.9617391757295288,1.9580495139423126
172100,1.634727386076636,0.9491291989927169,1.9409704843462234
173100,1.6305763314696942,0.9423508709545922,1.9170581639215203
174100,1.6257750602103505,0.9423508709545922,1.8911459555512966
175100,1.6161857637276351,0.9358957671649767,1.8789633494028326
176100,1.5983353187436686,0.9259152070110825,1.863957269756414
177100,1.58816262150683,0.9252184941458608,1.851225810302183
178100,1.5745824734622549,0.9189485054288369,1.8415471949075224
179100,1.5591114150168301,0.9050593626418851,1.8302768516769563
180100,1.5265546536328696,0.8988048678027807,1.8020408281925597
181100,1.5085498526500891,0.8909215843823078,1.7950561407243728
182100,1.5032221535237922,0.8893636270710971,1.7837751351147269
183100,1.4943024677303385,0.8805545274743352,1.7730658240218078
184100,1.4866802897380484,0.8731218618589528,1.7663783706660698
185100,1.4740294354626364,0.8654686724733843,1.7600032250521216
186100,1.4677689710803068,0.861367111299449,1.7519100644958363
187100,1.4548961734379242,0.8533566323288816,1.73907241099975
188100,1.443868587828899,0.8471442972379852,1.7289715821936869
189100,1.4331431681955307,0.8368827713166873,1.7170506183120582
190100,1.4181196661683737,0.8288112094384004,1.707043909562963
191100,1.4134520056569189,0.8217611975768785,1.6989105866406056
192100,1.4013308558131459,0.8190035317117587,1.685915342879067
193100,1.3885128087249534,0.815231502271356,1.6681296301090873
194100,1.376672468263479,0.8082630634512317,1.663322766050639
195100,1.3572434494211179,0.8039846463505835,1.6430883065577127
196100,1.3523664989698003,0.8008650757930997,1.6247420423812238
197100,1.3415433706479716,0.7995749954725665,1.6164554926460748
198100,1.3295343210713493,0.795422718853723,1.6003811387318079
199100,1.326330439243395,0.7927394780795847,1.5945788245702424
200100,1.3227002331240587,0.7883715904754108,1.5869432510136292
201100,1.3073691238731675,0.7822148955122448,1.5798027245949158
202100,1.3039623199175108,0.7780496221587099,1.571151877246945
203100,1.2917133001597743,0.7718267994328586,1.568647223363859
204100,1.2873279366683976,0.7659957594578096,1.5543227825648376
205100,1.2799161558208358,0.7595510833456943,1.5550202541278124
206100,1.2755505438781594,0.7528225501601699,1.5478349726487792
207100,1.272983280901618,0.7455658778152007,1.5440428726668167
208100,1.2694927319118812,0.7396374184961918,1.5393266327431256
209100,1.267967165528326,0.7350620203314281,1.5379446477547791
210100,1.2640398780984268,0.731830038838369,1.5314285587375953
211100,1.2628466285693372,0.7288933945893775,1.5266673039401484
212100,1.2581038265148803,0.7268941442886829,1.5214357326530314
213100,1.2549525935234198,0.7232799635151195,1.51711476038088
214100,1.2517081221190804,0.7227205809746413,1.5143545973110488
215100,1.2461397759823452,0.7215305794051243,1.5082540787808878
216100,1.24263411170864,0.7204437216689804,1.5028415346630155
217100,1.2420846261908465,0.7184108166388581,1.5009562591827483
218100,1.2411410928669868,0.7162149682284844,1.4958538484099748
219100,1.239291627302687,0.7143082055246454,1.489441930694859
220100,1.2367384508512487,0.7107869276868405,1.482521511868072
221100,1.2355243041835964,0.7077844831354413,1.4793745652699553
222100,1.2316846486495143,0.7043450791300508,1.4712882785409345
223100,1.2288298594645295,0.6993774626270639,1.4709652311379788
224100,1.2214251752517489,0.6965100049958458,1.4681492608474132
225100,1.2205271976225829,0.6928747400981041,1.464609277829792
226100,1.2132308247576218,0.6902676336128163,1.4629423044916874
227100,1.207478927542893,0.6862029111516871,1.4606045049857357
228100,1.2042430672939908,0.6828589087855549,1.457662197714886
229100,1.199700548691784,0.6796751105280254,1.455867421362835
230100,1.1980064371217134,0.6741007283814975,1.4544193006315422
231100,1.1930479683492958,0.6714944640163529,1.4506089907387623
232100,1.188456027809335,0.6646470652020618,1.4482781946519427
233100,1.186356758419625,0.6604970222658554,1.447698405422754
234100,1.183063812859358,0.652565289228695,1.4452893256579669
235100,1.1812399444660855,0.6492499290688103,1.4430373038467728
236100,1.179728503612723,0.6478547624111911,1.440613296048086
237100,1.1783654486996482,0.6422942930576793,1.436997913876088
238100,1.177531264848741,0.6385583265268997,1.4369858359702996
239100,1.1766633415116892,0.637311713776178,1.4343341712846243
240100,1.1754314496092628,0.6340878357205973,1.4310617628935223
241100,1.174699284955457,0.6298548353159706,1.4267907957794643
242100,1.173692961969824,0.6282559896745079,1.4210442133106214
243100,1.1714221107225724,0.626451356048059,1.417745012192128
244100,1.1704772184899954,0.6223525865011615,1.4139493713590512
245100,1.1699642376123425,0.619937262148105,1.411329309295386
246100,1.1686495952341722,0.6181363715151836,1.4057485728160608
247100,1.167718662743019,0.6141112445191634,1.403651914788044
248100,1.1659236958587813,0.6085915312566517,1.3970316174869903
249100,1.1635105628488283,0.6032293632987065,1.3956215591571879
250100,1.1613416049322787,0.6005507936458918,1.3923070814470266
251100,1.1603955726744783,0.595752465129935,1.3887087897072274
252100,1.158128809827892,0.5912852345974767,1.3860177063595058
253100,1.1569210827674672,0.5866283615974335,1.3825936139511354
254100,1.1554173438122899,0.581888393806442,1.3805287927237142
255100,1.1525220292682452,0.5763894415915344,1.3780546572500258
256100,1.151608105494591,0.5702856425308233,1.3762578410238953
257100,1.1493166759971503,0.5676825746256734,1.3744965669048745
258100,1.146843853198015,0.5643641484229132,1.372187460759
259100,1.1454671811684247,0.5613495787583781,1.3705994666364514
260100,1.1437533022868298,0.5563519858433789,1.369140667060262
261100,1.1427254176883572,0.5531835389568784,1.3652181502487881
262100,1.1415774840017767,0.5516296554289661,1.3637044552051747
263100,1.1408851565796103,0.5502390983480391,1.3603767493172345
264100,1.1406010347559123,0.5477815018007137,1.358011193683855
265100,1.139942687639257,0.5454276425788425,1.3559057329923934
266100,1.1387629545818734,0.5450102496988599,1.354760876038185
267100,1.1385816025568536,0.541344668561759,1.3529491311959951
268100,1.1377388887801558,0.5381772031964456,1.352919226208541
269100,1.1370276321817652,0.5347080592489496,1.3518176817039695
270100,1.1363780946280289,0.5323991716206128,1.3509296237996742
271100,1.13568717353965,0.530356509420103,1.3494578223565854
272100,1.1347940168979798,0.5273374812347402,1.3473389753343268
273100,1.1341971240500435,0.525241902043711,1.3465943262807565
274100,1.1321954846814768,0.5223868027481289,1.345429186261347
275100,1.1319388361773899,0.5194251011563336,1.3437421954950521
276100,1.1303304469019075,0.5150688782626273,1.3426387542036855
277100,1.1299051281838066,0.5137458138660073,1.34121972027423
278100,1.129500821565222,0.5113706840971093,1.3400566715356277
279100,1.1288798801273987,0.5081216564944232,1.3377956337564254
280100,1.1289800748721608,0.5069113398633331,1.3369092207212214
281100,1.1286082953996637,0.5037718934764279,1.3360709957508266
282100,1.128468342519022,0.5033098711500293,1.3351298241288103
283100,1.1281000727749704,0.5004314584631391,1.3336110625311832
284100,1.1275729551815685,0.4999491131582368,1.3317572091489638
285100,1.1271077295773724,0.49822863605782924,1.330819575452607
286100,1.1268734700833094,0.49597415538528067,1.330301939914044
287100,1.1265874387081352,0.4935995275194619,1.3294518077915511
288100,1.126339818370288,0.4925675472046165,1.328571031346141
289100,1.1257849617605633,0.49139708273566785,1.3283368965147686
290100,1.1256796608247324,0.48930489810152106,1.3274522379359754
291100,1.125417309912129,0.48814423613364977,1.3270663100525522
292100,1.1251681808073601,0.4850152271126288,1.3257181958439994
293100,1.1250039255969324,0.48215841058414627,1.3243985971833963
294100,1.1247122113656096,0.47876360924063366,1.3242119064793652
295100,1.124408264291321,0.47452229711580596,1.3230072879802877
296100,1.1240063634039172,0.4693287454152008,1.3215785006996634
297100,1.123554164100679,0.4667136537989621,1.3206796037545632
298100,1.1233712500124367,0.463535195336984,1.319197921256628
299100,1.122652877449337,0.4575457820037306,1.3180605894321036
300100,1.122678373374949,0.4560413199167046,1.3169002826345686
301100,1.1223688806714565,0.4533979973724812,1.3151073357272092
302100,1.1220329801808213,0.44730072423118283,1.3139846795601569
303100,1.1217484696826014,0.4439100767192423,1.3126142161163221
304100,1.1216836297547883,0.44294232423818375,1.3109754555577935
305100,1.121453101954206,0.4379071370008872,1.3093240447147148
306100,1.1210345889489828,0.43647622785780427,1.3087046902023058
307100,1.12068403822038,0.43357519044945786,1.307772607342029
308100,1.120604425896417,0.4314272192822923,1.3071280341153033
309100,1.1204210110803694,0.42960026635848214,1.3058650323846395
310100,1.1204005570783633,0.4274820512679467,1.3046896296643138
311100,1.1203038602281643,0.4252871431001567,1.3033871624207907
312100,1.1202052265462035,0.42513757871836283,1.302382301791212
313100,1.1200711035429995,0.42341417434775835,1.3008329899058833
314100,1.1199297885359805,0.4211641635187812,1.2991728908933624
315100,1.1197799338694034,0.4198988642116297,1.2983847792772338
316100,1.1196162663326126,0.417709945750582,1.297433690817641
317100,1.119484391411077,0.41659644352326053,1.2962492018632739
318100,1.1193090724988024,0.4157322688060477,1.2954330310727504
319100,1.1192077938735847,0.41475810627596643,1.2945103266014406
320100,1.1190974028154912,0.4142802759999388,1.2937352247015252
321100,1.1189513090748489,0.4141057172135943,1.2930467953817395
322100,1.1188550872107739,0.41359163305229535,1.2926507157083091
323100,1.1188067845008243,0.4133859138775024,1.291809214888571
324100,1.1186369070458044,0.4129301643549765,1.2915261602426125
325100,1.1185127715890772,0.41265046126302124,1.2910336691900262
326100,1.1183980179212372,0.4121982354477689,1.2907391298302437
327100,1.1182709722602096,0.41174892280724806,1.2902979146318663
328100,1.118105344077824,0.4111070777528525,1.2900515084928945
329100,1.1180705717924788,0.4103223866701126,1.2893268208569006
330100,1.1179380945006219,0.4095469074705506,1.2889369030767241
331100,1.117816940402137,0.40889365686144635,1.2880972417133039
332100,1.117620451729543,0.4081128223246061,1.2875406309654245
333100,1.117620451729543,0.407616018862335,1.2870345234362737
334100,1.1175470304943096,0.4065633970665069,1.2864147370083678
335100,1.1174299281621556,0.4064587969015326,1.2859244390700164
336100,1.1172603166670443,0.40595773430089316,1.2854590336123317
337100,1.1171261622172226,0.40512298204884467,1.2851660448878006
338100,1.1169911792868816,0.40434018114479964,1.2845692935197581
339100,1.1169177708619524,0.40311455063787893,1.284191699476555
340100,1.1168269038155128,0.4017359457674369,1.2839812817095264
341100,1.116721499703355,0.40123664210703913,1.2834182804347891
342100,1.116593912627632,0.4006382977087462,1.2830224626759186
343100,1.116426794933386,0.3996271143768481,1.2823843850348102
344100,1.1162769895042706,0.39923318504911465,1.2821243480759594
345100,1.116055384510952,0.3982056864404905,1.281719742374754
346100,1.1158341797449032,0.39723151562393777,1.2811276177270416
347100,1.115574969707115,0.39605401397866224,1.2810574744102288
348100,1.1154320148230952,0.3954773984801166,1.2804797712318634
349100,1.1149939034487049,0.39536997825331527,1.280047320443679
350100,1.1149103959137439,0.39415064990547466,1.279243990992908
351100,1.1146333330227807,0.39353928878364636,1.279112076757657
352100,1.1145989335275517,0.39307354214175444,1.2781740362836769
353100,1.1144964889276696,0.39228512482264016,1.2776894517195005
354100,1.1143475677474886,0.39118262373842577,1.2768782997983317
355100,1.1141819381937539,0.3906545682227187,1.27612249702552
356100,1.1141358849022824,0.38915120040853246,1.2759159677973124
357100,1.1139499369175074,0.38845060319141644,1.275444791701539
358100,1.1138451456397793,0.38727807184134266,1.274933496950559
359100,1.1134954974478577,0.38673438216188677,1.2748587649588068
360100,1.113277835848359,0.3853146974483757,1.2742289062846732
361100,1.1132414397722274,0.38471517848991593,1.2738844533661215
362100,1.1127966962170959,0.3835093675080691,1.2735511050878068
363100,1.1123712284266631,0.38252718909899586,1.273280760766047
364100,1.1122217944156452,0.38159633994417247,1.272874189251779
365100,1.111718255561045,0.38025066735211116,1.272688090773676
366100,1.1112180904184017,0.3797071743922492,1.2724178069831031
367100,1.1108124807153892,0.379450739398941,1.2721940550347381
368100,1.1104120365533134,0.37904471550682456,1.2720641769641479
369100,1.110056698090623,0.37866469931595337,1.2719942423308563
370100,1.1096977888278003,0.3785683514327042,1.2718769002098724
371100,1.1094846690196731,0.3782112928915255,1.2715067834153453
372100,1.109016659656101,0.3776218161389247,1.2714208725524268
373100,1.1086298313300167,0.37756785597360826,1.271153947019284
374100,1.1080912296202747,0.3774569708424693,1.27098666314654
375100,1.108018125596726,0.3769607504028004,1.270510511695532
376100,1.1078965999849117,0.3766736724843961,1.270510511695532
377100,1.1078929477483668,0.37613051684475585,1.2703035572879444
378100,1.1076424343841416,0.3756937556627873,1.2700207817306464
379100,1.1075852874167424,0.3753869344521003,1.269833731310013
380100,1.107388485293345,0.3752046864598478,1.269562547592357
381100,1.1071247104813793,0.37487157393696263,1.2690386099900879
382100,1.106775725202486,0.3748542120166756,1.2688721061653077
383100,1.1064834872950513,0.37480186224312456,1.2685248595119378
384100,1.106051484889769,0.3746722966578669,1.268003357845841
385100,1.1056306805977965,0.37459240949665024,1.2675914185531119
386100,1.1049242773944905,0.37453208210774364,1.267046276108194
387100,1.1042376558297498,0.37439775261293706,1.266759190776016
388100,1.1038980896377613,0.3743058993408126,1.2661480016288766
389100,1.1036908251949364,0.37416964041851625,1.265611445260957
390100,1.1035918467366168,0.37396516582580097,1.2651164768455627
391100,1.1034334966099328,0.37385122509868446,1.264140404076645
392100,1.1031750938496023,0.37374830448766344,1.263632932278112
393100,1.103033562030195,0.3735126850795077,1.263110894413401
394100,1.102818781798305,0.37345367674012764,1.2624257090482947
395100,1.1025359994601847,0.3732475752716955,1.2619221465428598
396100,1.1022374352493425,0.3731386183586074,1.2618256270984471
397100,1.102045544844665,0.3729250193337962,1.2610310902004853
398100,1.1017782814110895,0.3728133595460471,1.2606635996597504
399100,1.1014977846435912,0.3726914877243374,1.2604891501010382
400100,1.101284293818159,0.3724676532776312,1.2598665744775848
401100,1.101154451732476,0.37236130013145147,1.259202796491666
402100,1.1009732872112286,0.3721422900896586,1.259011788975833
403100,1.1008593382207843,0.371911978014451,1.258572624630861
404100,1.1005502670997844,0.371506378013275,1.2585135467910649
405100,1.100440717403194,0.3715349185926047,1.2580980040979832
406100,1.1003284304304042,0.3713460521251055,1.2577936731920807
407100,1.100188219828695,0.3711392791110702,1.2572647976384816
408100,1.1000749079711878,0.37105540287523964,1.2569179948794622
409100,1.0999833128018437,0.3708926552094967,1.2563035455273344
410100,1.0998353042480058,0.37074606431160156,1.2559029851013184
411100,1.0997252586856938,0.37062245852477427,1.255122386204493
412100,1.0995261507602225,0.37044910587563973,1.2541166857481234
413100,1.0993458842067736,0.37024778037464123,1.253491351611012
414100,1.0992306679617887,0.3698727014137673,1.2532458831157882
415100,1.0989999118785994,0.36976416072540613,1.2528363091739194
416100,1.0987572519250877,0.36940097643710174,1.2524255259339754
417100,1.0986742310915825,0.36911484000776,1.2521209268628701
418100,1.0985092565165078,0.36877257817410736,1.2513697728517548
419100,1.0983270682862702,0.36859578108192986,1.2512281041909807
420100,1.0982609722454535,0.3683378282249992,1.2508452268575223
421100,1.0981425984009225,0.36816294140645256,1.250494162906438
422100,1.0979179254661007,0.36790530953757017,1.2501095410355023
423100,1.0978282459028386,0.3677919228843033,1.2500573995993445
424100,1.0976588757940244,0.3675503182465603,1.249790681677594
425100,1.0975403514374957,0.3672883033982747,1.2495186760050299
426100,1.0973571205395498,0.3671705478606272,1.2492818909474417
427100,1.0971165154036673,0.3669167775886385,1.2492108361069487
428100,1.0969226030178676,0.3667324128891007,1.2490499402004287
429100,1.0967525041776387,0.36666982229667366,1.2488084099337178
430100,1.0967073125296316,0.366340782395128,1.2487124542132066
431100,1.0964725404573357,0.36625814541633817,1.2484404233257083
432100,1.0963423133648182,0.3659623908513318,1.2481727264550284
433100,1.0960976086256273,0.3657587923634604,1.2480773422210973
434100,1.095877498967502,0.36569478665052213,1.2477753303512413
435100,1.0956898020765913,0.36547460086835315,1.2476004149689843
436100,1.0955791236671832,0.3652020922785623,1.2474454044766063
437100,1.0954347260158077,0.36497449219786215,1.2471985575155988
438100,1.0952594723575475,0.36491594036374964,1.2469089065577053
439100,1.0951126831480686,0.3648004102155561,1.246647140347016
440100,1.0949216955495005,0.36471715635849306,1.2464251820717016
441100,1.0945278300261385,0.36465921507033805,1.2462050020284647
442100,1.094424017360922,0.36457223939690947,1.2460837927813573
443100,1.0938813861021968,0.36447415557742935,1.2459219563809592
444100,1.0935348608843196,0.36431650281208705,1.2458412100087017
445100,1.0930435047878646,0.36421978738616495,1.2457698320492148
446100,1.0923857137170816,0.364107943710767,1.245638020742678
447100,1.0918963908204682,0.36402453104602595,1.2455291342087598
448100,1.0914796460449112,0.3639121996944526,1.2454766153344257
449100,1.090801531225234,0.3638448703908651,1.2453931485198644
450100,1.090685654917543,0.36372935340643003,1.2453192877271557
451100,1.0903924248207713,0.3636284922581519,1.2452443245848999
452100,1.0900655785731677,0.3634374122717761,1.2451661911261125
453100,1.0894714107895185,0.3634060223352725,1.2450775894709272
454100,1.0888346597251044,0.3631602990570217,1.2449931542012516
455100,1.0883132986873496,0.362928537364332,1.2449444869150563
456100,1.0879618565544102,0.36289435634595696,1.244919990218542
457100,1.0872809795756577,0.36265216263256067,1.2447590939887525
458100,1.0872277269192567,0.36247230887216314,1.2446732528464248
459100,1.0869066201256872,0.36227320791971657,1.2444327099666677
460100,1.0867739024255554,0.3621354009276083,1.2442439527128748
461100,1.0864937187636732,0.3619885979468225,1.2439991468342968
462100,1.0863215244879223,0.3619168763020411,1.24379490499128
463100,1.0860794296727645,0.36182018962320794,1.2435996986891131
464100,1.0857427101825665,0.3616806336921539,1.2433517974720587
465100,1.0853272596287002,0.36151973120394504,1.2432154945309997
466100,1.08492656301603,0.36139125225448315,1.2430501449445261
467100,1.0845777368002323,0.3612723133044565,1.2429203009642833
468100,1.084419764391382,0.3611639252235899,1.24280186349817
469100,1.0842501783160117,0.3610571147540106,1.2427409646201522
470100,1.0841273969038596,0.36092201639559834,1.2425494782613475
471100,1.08390622634259,0.3607997691245047,1.2425526078350877
472100,1.0837717973098822,0.36065065154076287,1.242514433077411
473100,1.083575710310903,0.36041344562940425,1.2424626227966669
474100,1.083560754806882,0.36035297610960704,1.2424458183645817
475100,1.0833711302104052,0.36010533934029854,1.2423986280094812
476100,1.0832964443448838,0.35992223886157665,1.2423564953760322
477100,1.0831697135148588,0.35972658588955997,1.2422821199512326
478100,1.0829874947114755,0.35954997001742395,1.2422091529066859
479100,1.082808838804962,0.35926994488759967,1.2421678608253262
480100,1.0826438437343897,0.35909277097401243,1.2420972153955692
481100,1.0823342526104496,0.3587937103968817,1.2420869611937997
482100,1.0823342526104496,0.3586893371534776,1.2420574338636095
483100,1.0821263978962767,0.35849790689555094,1.242050114389132
484100,1.0819037800490887,0.35838479116346533,1.2420358343188225
485100,1.0817118334081908,0.3581579189377178,1.2420140900054337
486100,1.0815098836043056,0.35803381389374606,1.242000466220215
487100,1.0812343195304264,0.35772725556333185,1.2419802623467664
488100,1.0809992122115695,0.35763132298074396,1.241954324408294
489100,1.0808802076097397,0.35750225471912844,1.2419454682657942
490100,1.0807565249582562,0.35738182839140703,1.241926442484871
491100,1.0804068064492767,0.35705936141969086,1.241912530825647
492100,1.080252661066332,0.35689786231372544,1.241892622090547
493100,1.079922814639115,0.35674844885859447,1.2418765533159895
494100,1.0797992225742683,0.35660452820448124,1.2418414173632126
495100,1.0796337045625304,0.3565084585133848,1.2418355172802968
496100,1.0795002870861634,0.3563812735985529,1.2418089773529644
497100,1.07923349997223,0.35626687852227085,1.241785840523794
498100,1.0791955018277792,0.3560713887867459,1.2417702311014653
499100,1.0791408274336576,0.3559239439154314,1.2417669987744027
500100,1.0790037259332617,0.3557673514617315,1.2417448893739305
501100,1.0788707986569686,0.3555643467639908,1.2417232894520334
502100,1.0788701661110827,0.35550242639912444,1.2416883308704114
503100,1.0786231296865991,0.35527175215018914,1.2416770685156615
504100,1.0785563056278287,0.35520005510040037,1.241640170780365
505100,1.0783861789863933,0.35504235535625606,1.2416137342213787
506100,1.0783297123568327,0.35494317444565837,1.2415958853676388
507100,1.078189473429411,0.3547551722696692,1.24156100490241
508100,1.0780700609974971,0.354627510728716,1.2415090966842774
509100,1.0780150000702282,0.35440513437613697,1.2414464629070974
510100,1.0779498723003267,0.3543946354663224,1.2414128449599378
511100,1.0778722761761612,0.35426809509374996,1.2413816493713346
512100,1.0776547854235257,0.3541467319102159,1.2413268901960506
513100,1.077407798682408,0.35401394063941416,1.2413234146484409
514100,1.0772233628521315,0.35390162256004265,1.2413006370525161
515100,1.076933431304645,0.35369938651026206,1.2412836808879666
516100,1.0768089295824628,0.35358854790815925,1.2412544178830096
517100,1.0766941969984207,0.3532606656351611,1.2412215653066743
518100,1.0765648753175714,0.3529140606771584,1.2412187775677743
519100,1.0764520123837125,0.3527520709057306,1.2411999274690988
520100,1.0762889549483343,0.3526552628606986,1.2411358391934944
521100,1.0761756996352156,0.35249068963768737,1.2411182987940648
522100,1.0760519173674477,0.35237302210500343,1.2410884274095415
523100,1.0759389508469925,0.35236290242997287,1.24105991939518
524100,1.0758921506061687,0.35224784967598494,1.241008430253704
525100,1.0758393430882538,0.35215559103815947,1.2409728309477004
526100,1.0758287376718643,0.3520848704674767,1.2409345781717365
527100,1.075783839334943,0.35199973297470555,1.240896566431051
528100,1.0757277251633695,0.35196729857608494,1.2408614224974395
529100,1.0757043437937888,0.35192738432387033,1.240848854462568
530100,1.0756788585388644,0.35187047571142244,1.240807559428386
531100,1.075621284418989,0.3518126096851233,1.240781831407685
532100,1.075605560458296,0.35177228358199947,1.2407592263338558
533100,1.075554459343885,0.35172273211223887,1.2406973345419374
534100,1.0755055677671148,0.3516904085743471,1.2406729875735
535100,1.0754824726649648,0.3516508111699713,1.2406527014177242
536100,1.075418391573318,0.3516176886233081,1.2406342077910304
537100,1.075387965905074,0.3515841089140708,1.2405915773565548
538100,1.075323234156844,0.3515718179528354,1.2405406302785622
539100,1.0752801081352357,0.35155575416006946,1.240482697523114
540100,1.0752366368930861,0.3515276186025177,1.2404487989423134
541100,1.075165095661882,0.351503300520736,1.2403715462203528
542100,1.075136470067609,0.35148206966019424,1.2402970995864075
543100,1.0750908752765187,0.3514594773431873,1.2402497473857894
544100,1.0750316884980684,0.35144305274072657,1.2402169125892015
545100,1.074986223685973,0.35140696301082597,1.2401257138763822
546100,1.0749543033550337,0.35138810786655295,1.2400680504196213
547100,1.0749013283992115,0.3513647114882699,1.23995499958435
548100,1.0748189442166913,0.3513541352649816,1.2398207687328189
549100,1.074666835579596,0.3513132987198495,1.239704369297977
550100,1.0746525216080578,0.3513096132157455,1.2395376043568553
551100,1.0746173204694425,0.3512877797577653,1.2393851134989236
552100,1.074546814401663,0.35126945358563144,1.2392944258215
553100,1.0744749123808155,0.3512528555446475,1.2391599948683731
554100,1.0743856260600608,0.3512394625934415,1.2390651687348677
555100,1.074322769576429,0.35120887693432845,1.239027037929426
556100,1.0742558897169585,0.35119224086374407,1.2390030569030532
557100,1.0741211096400747,0.35117205258701684,1.238979734237988
558100,1.0739578160806889,0.3511628710993045,1.238975851046109
559100,1.0738433270319487,0.35113840949296893,1.2389476946173914
560100,1.073805978106576,0.351127016071615,1.2389308381277675
561100,1.0736205309390823,0.3511049430051971,1.2389076571705353
562100,1.0734066103622804,0.3510869493269859,1.2388999703231578
563100,1.0733577992109176,0.35106296340444515,1.238883031823676
564100,1.0732409579791111,0.35104951901298326,1.2388642910282286
565100,1.0731076578144696,0.35103821829752296,1.2388469740354204
566100,1.0730423900541424,0.3510301694284877,1.238828723886674
567100,1.0730235581929344,0.3510151838241263,1.2388039322601112
568100,1.0729134627419887,0.3510072094097212,1.2388024261448427
569100,1.0727870358292324,0.35099688131218787,1.2387787138576873
570100,1.072753836113547,0.3509804661025124,1.238753109006475
571100,1.0726141916090497,0.35097223600088584,1.238730834555391
572100,1.0725409975594318,0.35096541553161836,1.2387335146064922
573100,1.0723700468541333,0.35094932071226925,1.2387120268798044
574100,1.0722658660229734,0.35093531794384936,1.238700028941964
575100,1.0722194484836707,0.35091359348623924,1.2386877395189315
576100,1.072114256094281,0.3509015831414084,1.2386732177354638
577100,1.0720378922624705,0.35088763028225506,1.238659862949729
578100,1.0719560343501877,0.35087065562847863,1.2386393811581486
579100,1.0719230941855824,0.35083005549528534,1.238632743666524
580100,1.0718783026570577,0.35082722019842355,1.2386255935620694
581100,1.0718276539196143,0.35078954110640864,1.2386255935620694
582100,1.0718014241732792,0.3507517027531204,1.2386157614371929
583100,1.0717800094977297,0.3507221979935671,1.2386092939017832
584100,1.071760433017996,0.35069168084168933,1.2385975066921993
585100,1.0717311284084676,0.3506650776104269,1.2385937908452087
586100,1.071714142308665,0.35062326925125503,1.2385893133731447
587100,1.0716790634905375,0.3506073020997012,1.2385788865219542
588100,1.07166245281237,0.3505945713763962,1.2385716370247855
589100,1.0716489770649351,0.35057404297028105,1.2385663942607994
590100,1.0716418450123357,0.3505613274253975,1.2385607498438853
591100,1.0716146983660773,0.35055525286179173,1.2385598368293582
592100,1.0715943600487223,0.35054202060407275,1.2385568376503753
593100,1.071575926212281,0.35053396674695575,1.2385511455608649
594100,1.0715556985801677,0.3505222826095256,1.2385470393857907
595100,1.0715369086440842,0.3505062963126152,1.2385424077948197
596100,1.0715217516877449,0.35049993408853936,1.2385371896722255
597100,1.0715107650026765,0.35048423569036574,1.2385261625673851
598100,1.071499564266188,0.3504661492100291,1.2385187325484242
599100,1.0714846016239534,0.3504645980243872,1.2385081258443773
600100,1.0714603736733659,0.35045364600367657,1.238506548760529
601100,1.0714434016160426,0.3504514534904231,1.238494585122278
602100,1.071432148027367,0.35044592946025016,1.2384910631703154
603100,1.071428366051177,0.3504417868182147,1.2384859685528766
604100,1.0714163639341225,0.3504379914958431,1.2384739443974198
605100,1.0714104676889342,0.3504362455135941,1.238465194809797
606100,1.0713861601719372,0.35043095348969117,1.2384523186358667
607100,1.0713805818783595,0.35042392639875725,1.2384375459646317
608100,1.0713585504933112,0.35041609671409074,1.23843271831749
609100,1.07134507259018,0.35041447828909944,1.2384203289200768
610100,1.0713358271792628,0.3504113268864869,1.2384089840827521
611100,1.0713191165199207,0.35040784348633813,1.2384093082446652
612100,1.0713048712857576,0.3504019027632455,1.238404251914142
613100,1.0712951017130607,0.35040064468180154,1.2383964804782759
614100,1.0712728392743702,0.3503957903155488,1.2383913054829747
615100,1.0712560864860774,0.3503916455236212,1.2383792398966431
616100,1.0712188456660852,0.3503889710083264,1.238375025737751
617100,1.0712072918450122,0.35038390939579417,1.2383699209579289
618100,1.0711686575273165,0.3503828226772572,1.2383612653615785
619100,1.0711550514207433,0.35037995250692033,1.2383528404974375
620100,1.0711266722475452,0.35037834439176635,1.2383487909888062
621100,1.0711024124878479,0.3503754172328572,1.2383392587401487
622100,1.0710665783062168,0.35037342782467285,1.2383300291276875
623100,1.0710254416940734,0.350370024564935,1.2383262744769685
624100,1.0709976025358734,0.3503676020886882,1.238314293251446
625100,1.0709478569124542,0.35036560678957246,1.2383091479322434
626100,1.0708912733036646,0.35036308004880046,1.2382973535665298
627100,1.0708535915527067,0.35036193754921674,1.2382883621517933
628100,1.0708292836153948,0.3503596072758352,1.2382825999778604
629100,1.0708243577114829,0.3503587724293226,1.2382748823563017
630100,1.0708009150384301,0.3503567000112423,1.2382634590823747
631100,1.070783006654039,0.3503546204340438,1.2382629785676966
632100,1.070761858673719,0.35034931057975366,1.2382574863204627
633100,1.070733650491287,0.35034764855455075,1.2382557417250197
634100,1.0707239077996005,0.3503446537988651,1.2382530827662945
635100,1.0707055103405998,0.3503418189677469,1.2382505916496902
636100,1.0706846920625837,0.35033798313768877,1.2382446133741976
637100,1.0706692443468384,0.35033684528755227,1.238237693929743
638100,1.0706437361141268,0.3503335597336264,1.238229718123081
639100,1.0706354467815498,0.35032930037345444,1.2382231055443091
640100,1.0706131086346247,0.35032612603799806,1.2382172621494374
641100,1.0705905381962917,0.35032327736808216,1.2382045576994147
642100,1.0705444910991193,0.3503206530123439,1.2381932834608373
643100,1.0705102061359228,0.3503133156898413,1.2381864174788775
644100,1.0704750120921582,0.3503063061823535,1.238175621166398
645100,1.0704442589712333,0.35030298292983497,1.2381665945088072
646100,1.0703838266229253,0.3502964167357293,1.2381642590558684
647100,1.0703475952130133,0.3502926896052225,1.2381491212118976
648100,1.0703227416770635,0.3502834967412843,1.2381366435200176
649100,1.070303008889413,0.35028124148206335,1.2381291304598117
650100,1.070252867971122,0.35027681335520666,1.2381162878297545
651100,1.0701878144584438,0.3502695351150458,1.2381053933764807
652100,1.0701878144584438,0.3502613312702701,1.2380888665505734
653100,1.0701409058686882,0.35025665527727623,1.2380907121793343
654100,1.0700934075979611,0.3502482628348835,1.2380814680355907
655100,1.0700388723924699,0.35024141572579603,1.238078777334245
656100,1.0700192613833668,0.3502374646118101,1.2380687491218356
657100,1.0699755391010797,0.35023166652056126,1.2380677529296262
658100,1.0699607299213225,0.3502222425904085,1.238057670938279
659100,1.0699045499209,0.35021953590998117,1.2380528913967357
660100,1.069865924641269,0.350217979426495,1.2380390886528028
661100,1.0698396934538557,0.3502139992113685,1.2380281790962815
662100,1.0698009006208773,0.3502092761504151,1.2380122025530986
663100,1.069747378973962,0.350203480155876,1.2379900658279033
664100,1.0696985036439584,0.35019585344967974,1.2379874147506926
665100,1.0696513256100308,0.35019295766314906,1.2379737066871865
666100,1.0696501288958948,0.350185006602893,1.2379608994688602
667100,1.0696320471317513,0.3501837825206187,1.237943816834174
668100,1.0696216969125278,0.35017982762888045,1.237941182327275
669100,1.0696128782592103,0.3501783183622875,1.2379322103369368
670100,1.0696128782592103,0.35017303017381357,1.2379114952731158
671100,1.0696079973424715,0.3501667194279427,1.237907560074736
672100,1.0696049215420609,0.3501640064898682,1.2378963102514147
673100,1.0695975034566951,0.35015676677145097,1.237889783419005
674100,1.0695914541718943,0.3501524512126204,1.2378857262951555
675100,1.0695811437135339,0.3501504039960703,1.2378811647578178
676100,1.0695756724159247,0.35014033499858954,1.2378751611316838
677100,1.0695642210666443,0.3501293122314025,1.237865859269548
678100,1.0695544083258979,0.35012590885885914,1.23785413429892
679100,1.0695472370524521,0.35011808642749986,1.2378494201566446
680100,1.0695343250515639,0.3501150731518501,1.2378444426384827
681100,1.0695290764930492,0.35011167503819246,1.2378414775337792
682100,1.0695184726763443,0.3501071209627614,1.2378393728433073
683100,1.069515132427317,0.3501008703283025,1.2378375103250652
684100,1.0695040501910733,0.35009432228851284,1.2378343703781742
685100,1.0695002431985583,0.35009095843661436,1.2378297835745855
686100,1.069493614095639,0.3500869801911456,1.2378282248739592
687100,1.0694911927376587,0.35008140565316226,1.237825579561748
688100,1.0694886086515838,0.3500794343201336,1.2378193985861596
689100,1.0694836249231667,0.3500778067486858,1.2378175727812852
690100,1.0694796895273415,0.3500768848605796,1.2378119414588131
691100,1.0694735699074565,0.3500755245157767,1.237805310790116
692100,1.0694692447678793,0.3500730055985172,1.2377949937496642
693100,1.0694611253210629,0.35007259396414103,1.2377908695545385
694100,1.069452816516621,0.3500708214319361,1.2377838895452826
695100,1.069447003290667,0.3500697685032728,1.2377760007669565
696100,1.0694462080682283,0.3500690643641843,1.237768487464573
697100,1.0694414312219138,0.3500681597249458,1.2377613561249416
698100,1.06943682922574,0.3500671353760544,1.237753621456395
699100,1.069432862309401,0.3500659569398976,1.2377425678288334
700100,1.0694290353894667,0.35006505165618773,1.2377322759624376
701100,1.0694242381009649,0.3500634679589621,1.2377290543928257
702100,1.0694194056123747,0.35005985354869024,1.2377196890556863
703100,1.069414396366703,0.35005985354869024,1.2377167604286066
704100,1.0694136387529514,0.35005712954960005,1.2377140373640567
705100,1.0694105854384095,0.3500546894112454,1.2377135392206517
706100,1.0694091914880777,0.3500523433160227,1.237709286741895
707100,1.069408864059692,0.35005044396453006,1.2377069474750984
708100,1.0694064532132883,0.35004860727134635,1.23770420364115
709100,1.069403921798055,0.3500477478666081,1.2376992339574293
710100,1.069402693308291,0.3500467673519739,1.2376952337053049
711100,1.0694016279632124,0.350045759925763,1.2376871816330137
712100,1.0694006707701627,0.35004509318619204,1.2376831913152213
713100,1.0693994644827352,0.3500440839114402,1.23767944443535
714100,1.0693985123139411,0.3500432344394266,1.2376725621954558
715100,1.0693978156533335,0.3500424606582678,1.2376699866299343
716100,1.069397303934991,0.3500414216064842,1.2376630401521393
717100,1.0693962149141654,0.35004128027282755,1.2376582137944019
718100,1.0693953297008407,0.350039230880549,1.237657556369356
719100,1.0693945893943593,0.3500391046218393,1.2376529559947815
720100,1.069393534922159,0.3500375431262624,1.2376518131905831
721100,1.069392232978262,0.3500359490667041,1.2376445731272654
722100,1.0693904702730064,0.3500355349708565,1.237637590064048
723100,1.0693890770489165,0.3500333398020797,1.2376306603751441
724100,1.0693882836321618,0.3500307767447236,1.237629061607485
725100,1.0693879051992388,0.35003033168990805,1.2376246779091713
726100,1.0693875880023316,0.35002792376333647,1.2376218646021617
727100,1.0693868586037365,0.3500258523534338,1.2376183041938675
728100,1.0693865270334582,0.3500238692619557,1.2376112094640386
729100,1.0693860739717833,0.3500229751823906,1.2376058822739315
730100,1.0693850186237062,0.35002151439589063,1.237603036468422
731100,1.0693850380832342,0.35002043747469214,1.2375971966575015
732100,1.0693845506342363,0.3500187512840905,1.2375890764266342
733100,1.069384409789804,0.3500163795252191,1.2375746048135223
734100,1.0693837342779702,0.35001548376379604,1.2375694940159816
735100,1.0693833881721,0.3500131542115587,1.2375559223772143
736100,1.0693827139387524,0.35001097823954763,1.237551801278962
737100,1.0693822591580935,0.350007032576255,1.2375467839955827
738100,1.0693815317508584,0.3500052919875794,1.2375361024051033
739100,1.0693809368260025,0.3500023353366566,1.2375255009746455
740100,1.0693806632484981,0.3500015829636633,1.2375153394956782
741100,1.0693801225900732,0.35000038009260864,1.2375142561205907
742100,1.0693795563573374,0.3499976861159154,1.2375050822648153
743100,1.0693790411730788,0.34999537924002155,1.237497561728698
744100,1.0693786133802925,0.3499922421943879,1.2374971982169567
745100,1.0693777659229147,0.34999113888582917,1.237491079591234
746100,1.0693769230674552,0.3499895852115989,1.2374832189049894
747100,1.0693762676884406,0.3499870362715221,1.2374761537442793
748100,1.069374993317989,0.34998547028053284,1.2374710326636946
749100,1.0693742672066822,0.34998467776066583,1.2374642486936305
750100,1.0693726915300843,0.3499836466874078,1.237457367689856
751100,1.069371997109612,0.3499830187238987,1.2374489472135135
752100,1.0693710029585775,0.3499817585512745,1.2374438151022955
753100,1.069369983530923,0.34998082686860793,1.237432278217239
754100,1.0693689357436165,0.3499801244975065,1.2374275459736097
755100,1.0693676713062892,0.3499792613865109,1.237421017999374
756100,1.0693651782381852,0.3499788159663476,1.2374164919826183
757100,1.0693651883214963,0.34997853059609135,1.2374148132331477
758100,1.0693631106508954,0.3499781231133141,1.237412543435002
759100,1.069361900470763,0.34997808704899497,1.2374099941525938
760100,1.0693611427680547,0.34997787530443053,1.2374067535930784
761100,1.069360077009982,0.34997778537208685,1.2374054674805113
762100,1.0693588224296755,0.34997764063405234,1.2373969245316256
763100,1.0693576699709486,0.3499775166387391,1.2373947577428621
764100,1.0693556024553184,0.34997731231967966,1.237392695361209
765100,1.0693545904938895,0.3499770273358312,1.2373874615615315
766100,1.0693527438258312,0.3499763753584016,1.2373812395126125
767100,1.0693498320709314,0.3499761294454327,1.2373812395126125
768100,1.069348708602052,0.3499756323129287,1.23737700364707
769100,1.0693462182837066,0.34997501817561727,1.2373704991523433
770100,1.0693462182837066,0.34997461362004395,1.2373683939372166
771100,1.069345069496852,0.349974424778339,1.2373605600447621
772100,1.0693431163710443,0.34997422328565686,1.2373589973758774
773100,1.069340372115686,0.34997383471808,1.2373544124570786
774100,1.0693385953577226,0.34997345133696905,1.2373514071489589
775100,1.069335894191371,0.34997337019265745,1.23734863859156
776100,1.0693331130142787,0.34997308360989043,1.237345682765356
777100,1.0693290139024667,0.3499728594415763,1.2373434190398818
778100,1.0693277673148343,0.3499727042587467,1.2373419358464492
779100,1.0693231863669304,0.34997248259430525,1.2373387885361293
780100,1.0693205803544117,0.3499722760909832,1.237335301011621
781100,1.0693162187081673,0.3499721606260849,1.237332649447087
782100,1.069313388368978,0.349971917043975,1.2373287770681727
783100,1.0693077016454702,0.34997158596680195,1.2373233163685073
784100,1.0693069121680734,0.3499711727971744,1.2373205348335614
785100,1.0693020731636664,0.34997097296908397,1.2373144579084585
786100,1.0692975384196888,0.3499706924859223,1.2373120550306282
787100,1.0692950430025316,0.3499704057904725,1.2373051669892967
788100,1.0692912994324397,0.3499700861099628,1.23730003946362
789100,1.0692877500691729,0.3499698331198467,1.2372958879853624
790100,1.0692866169603734,0.3499695789074698,1.2372896346326747
791100,1.0692834078111828,0.34996917433845254,1.2372844443647164
792100,1.069282151295345,0.3499686382574078,1.237282618580221
793100,1.0692807059319644,0.3499684199688623,1.2372773382206848
794100,1.0692792765051393,0.3499681475043561,1.2372735809244713
795100,1.0692787670016444,0.34996763165125055,1.2372711790044144
796100,1.069277725894417,0.3499675009491521,1.2372672525844213
797100,1.069276769494741,0.34996739312032155,1.237265005379295
798100,1.0692760692524272,0.3499672289610788,1.2372621152531007
799100,1.0692747836930632,0.3499670574701525,1.2372622989538973
800000,1.0692742063579954,0.349966928334281,1.2372597999679007
